PlayerName,CourseName,LayoutName,Date,Total,+/-,Hole1,Hole2,Hole3,Hole4,Hole5,Hole6,Hole7,Hole8,Hole9,Hole10,Hole11,Hole12,Hole13,Hole14,Hole15,Hole16,Hole17,Hole18,Hole19,Hole20,Hole21,Hole22,Hole23,Hole24,Hole25,Hole26,Hole27
Par,Bochum Volkspark Langendreer ,NORMAL,2020-05-22 13:41,32,,3,4,3,3,3,4,3,3,3,3,,,,,,,,,,,,,,,,,
Jens,Bochum Volkspark Langendreer ,NORMAL,2020-05-22 13:41,48,16,5,6,3,4,4,5,4,6,6,5,,,,,,,,,,,,,,,,,
Nina,Bochum Volkspark Langendreer ,NORMAL,2020-05-22 13:41,54,22,4,9,4,4,7,7,5,6,4,4,,,,,,,,,,,,,,,,,
Julian,Bochum Volkspark Langendreer ,NORMAL,2020-05-22 13:41,40,8,3,7,3,4,4,4,3,5,3,4,,,,,,,,,,,,,,,,,
Par,Bochum Volkspark Langendreer ,NORMAL,2020-05-22 15:08,32,,3,4,3,3,3,4,3,3,3,3,,,,,,,,,,,,,,,,,
Julian,Bochum Volkspark Langendreer ,NORMAL,2020-05-22 15:08,42,10,4,4,4,4,4,5,4,3,6,4,,,,,,,,,,,,,,,,,
Jens,Bochum Volkspark Langendreer ,NORMAL,2020-05-22 15:08,45,13,4,5,4,5,4,4,4,6,4,5,,,,,,,,,,,,,,,,,
Par,Bochum Volkspark Langendreer ,NORMAL,2020-05-26 17:51,32,,3,4,3,3,3,4,3,3,3,3,,,,,,,,,,,,,,,,,
Julian,Bochum Volkspark Langendreer ,NORMAL,2020-05-26 17:51,39,7,3,5,4,4,4,5,3,5,3,3,,,,,,,,,,,,,,,,,
Par,Bochum Volkspark Langendreer ,NORMAL,2020-08-21 14:56,32,,3,4,3,3,3,4,3,3,3,3,,,,,,,,,,,,,,,,,
Julian,Bochum Volkspark Langendreer ,NORMAL,2020-08-21 14:56,41,9,5,5,5,4,4,4,3,4,4,3,,,,,,,,,,,,,,,,,
Maren,Bochum Volkspark Langendreer ,NORMAL,2020-08-21 14:56,50,18,4,7,4,4,4,6,5,6,4,6,,,,,,,,,,,,,,,,,
Adham,Bochum Volkspark Langendreer ,NORMAL,2020-08-21 14:56,35,3,2,4,4,3,3,5,3,4,4,3,,,,,,,,,,,,,,,,,
Par,Bochum Volkspark Langendreer ,NORMAL,2020-08-25 17:15,32,,3,4,3,3,3,4,3,3,3,3,,,,,,,,,,,,,,,,,
Julian,Bochum Volkspark Langendreer ,NORMAL,2020-08-25 17:15,39,7,5,5,5,4,3,4,3,4,3,3,,,,,,,,,,,,,,,,,
Olaf,Bochum Volkspark Langendreer ,NORMAL,2020-08-25 17:15,46,14,5,6,5,4,4,8,3,5,3,3,,,,,,,,,,,,,,,,,
Par,Bochum Volkspark Langendreer ,NORMAL,2020-09-09 16:08,32,,3,4,3,3,3,4,3,3,3,3,,,,,,,,,,,,,,,,,
Julian,Bochum Volkspark Langendreer ,NORMAL,2020-09-09 16:08,39,7,4,3,3,4,4,6,4,6,2,3,,,,,,,,,,,,,,,,,
Olaf,Bochum Volkspark Langendreer ,NORMAL,2020-09-09 16:08,50,18,5,4,4,7,5,7,4,6,4,4,,,,,,,,,,,,,,,,,
Par,Bochum Volkspark Langendreer ,NORMAL,2020-09-10 15:19,32,,3,4,3,3,3,4,3,3,3,3,,,,,,,,,,,,,,,,,
Julian,Bochum Volkspark Langendreer ,NORMAL,2020-09-10 15:19,44,12,4,5,3,4,5,8,3,4,4,4,,,,,,,,,,,,,,,,,
Olaf,Bochum Volkspark Langendreer ,NORMAL,2020-09-10 15:19,45,13,4,5,5,3,4,5,6,6,3,4,,,,,,,,,,,,,,,,,
Par,Bochum Volkspark Langendreer ,NORMAL,2020-09-14 19:14,32,,3,4,3,3,3,4,3,3,3,3,,,,,,,,,,,,,,,,,
Julian,Bochum Volkspark Langendreer ,NORMAL,2020-09-14 19:14,37,5,4,3,4,3,4,4,4,4,4,3,,,,,,,,,,,,,,,,,
Par,Bochum Volkspark Langendreer ,NORMAL,2020-09-18 18:22,32,,3,4,3,3,3,4,3,3,3,3,,,,,,,,,,,,,,,,,
Julian,Bochum Volkspark Langendreer ,NORMAL,2020-09-18 18:22,37,5,6,5,3,3,3,4,3,4,3,3,,,,,,,,,,,,,,,,,
Rocker Jens,Bochum Volkspark Langendreer ,NORMAL,2020-09-18 18:22,44,12,4,6,4,3,4,7,3,5,3,5,,,,,,,,,,,,,,,,,
Par,Bochum Volkspark Langendreer ,NORMAL,2020-10-02 18:44,32,,3,4,3,3,3,4,3,3,3,3,,,,,,,,,,,,,,,,,
Julian,Bochum Volkspark Langendreer ,NORMAL,2020-10-02 18:44,25,5,3,6,3,3,4,6,0,0,0,0,,,,,,,,,,,,,,,,,
Rocker Jens,Bochum Volkspark Langendreer ,NORMAL,2020-10-02 18:44,26,6,4,5,3,4,5,5,0,0,0,0,,,,,,,,,,,,,,,,,
Domi Bochum,Bochum Volkspark Langendreer ,NORMAL,2020-10-02 18:44,28,8,4,5,4,5,5,5,0,0,0,0,,,,,,,,,,,,,,,,,
Micha Bochum,Bochum Volkspark Langendreer ,NORMAL,2020-10-02 18:44,24,4,3,5,4,3,5,4,0,0,0,0,,,,,,,,,,,,,,,,,
Tanja Bochum,Bochum Volkspark Langendreer ,NORMAL,2020-10-02 18:44,31,11,4,7,4,4,5,7,0,0,0,0,,,,,,,,,,,,,,,,,
Par,Bochum Volkspark Langendreer ,NORMAL,2020-10-07 10:09,32,,3,4,3,3,3,4,3,3,3,3,,,,,,,,,,,,,,,,,
Julian,Bochum Volkspark Langendreer ,NORMAL,2020-10-07 10:09,42,10,5,5,5,4,4,6,3,4,2,4,,,,,,,,,,,,,,,,,
Olaf,Bochum Volkspark Langendreer ,NORMAL,2020-10-07 10:09,46,14,4,5,4,5,4,7,5,5,3,4,,,,,,,,,,,,,,,,,
Par,Bochum Volkspark Langendreer ,NORMAL,2020-10-08 15:06,32,,3,4,3,3,3,4,3,3,3,3,,,,,,,,,,,,,,,,,
Olaf,Bochum Volkspark Langendreer ,NORMAL,2020-10-08 15:06,42,10,3,5,5,3,4,5,3,6,3,5,,,,,,,,,,,,,,,,,
Julian,Bochum Volkspark Langendreer ,NORMAL,2020-10-08 15:06,41,9,3,4,6,3,5,5,3,5,3,4,,,,,,,,,,,,,,,,,
Par,Bochum Volkspark Langendreer ,NORMAL,2020-10-12 17:31,32,,3,4,3,3,3,4,3,3,3,3,,,,,,,,,,,,,,,,,
Julian,Bochum Volkspark Langendreer ,NORMAL,2020-10-12 17:31,43,11,3,5,3,5,4,8,3,4,4,4,,,,,,,,,,,,,,,,,
Rocker Jens,Bochum Volkspark Langendreer ,NORMAL,2020-10-12 17:31,40,8,4,4,3,3,4,6,3,6,3,4,,,,,,,,,,,,,,,,,
Par,Bochum Volkspark Langendreer ,NORMAL,2020-10-17 13:51,32,,3,4,3,3,3,4,3,3,3,3,,,,,,,,,,,,,,,,,
Julian,Bochum Volkspark Langendreer ,NORMAL,2020-10-17 13:51,37,5,3,5,4,3,3,5,3,5,3,3,,,,,,,,,,,,,,,,,
Par,Bochum Volkspark Langendreer ,NORMAL,2020-10-21 15:06,32,,3,4,3,3,3,4,3,3,3,3,,,,,,,,,,,,,,,,,
Julian,Bochum Volkspark Langendreer ,NORMAL,2020-10-21 15:06,41,9,5,6,3,3,5,6,3,4,3,3,,,,,,,,,,,,,,,,,
Olaf,Bochum Volkspark Langendreer ,NORMAL,2020-10-21 15:06,40,8,3,8,3,4,4,5,3,4,3,3,,,,,,,,,,,,,,,,,
Par,Bochum Volkspark Langendreer ,NORMAL,2020-10-30 15:58,32,,3,4,3,3,3,4,3,3,3,3,,,,,,,,,,,,,,,,,
Rocker Jens,Bochum Volkspark Langendreer ,NORMAL,2020-10-30 15:58,35,3,3,5,3,2,4,4,3,4,4,3,,,,,,,,,,,,,,,,,
Julian,Bochum Volkspark Langendreer ,NORMAL,2020-10-30 15:58,38,6,3,5,4,4,4,5,3,4,3,3,,,,,,,,,,,,,,,,,
Par,Bochum Volkspark Langendreer ,NORMAL,2020-10-30 16:53,32,,3,4,3,3,3,4,3,3,3,3,,,,,,,,,,,,,,,,,
Julian,Bochum Volkspark Langendreer ,NORMAL,2020-10-30 16:53,22,3,3,5,3,4,3,0,4,0,0,0,,,,,,,,,,,,,,,,,
Rocker Jens,Bochum Volkspark Langendreer ,NORMAL,2020-10-30 16:53,26,7,5,5,4,3,5,0,4,0,0,0,,,,,,,,,,,,,,,,,
Par,Bochum Volkspark Langendreer ,NORMAL,2020-10-31 14:50,32,,3,4,3,3,3,4,3,3,3,3,,,,,,,,,,,,,,,,,
Julian,Bochum Volkspark Langendreer ,NORMAL,2020-10-31 14:50,39,7,3,7,2,3,3,5,3,5,4,4,,,,,,,,,,,,,,,,,
Par,Bochum Volkspark Langendreer ,NORMAL,2020-11-01 14:21,32,,3,4,3,3,3,4,3,3,3,3,,,,,,,,,,,,,,,,,
Julian,Bochum Volkspark Langendreer ,NORMAL,2020-11-01 14:21,39,7,4,4,4,3,3,7,3,4,3,4,,,,,,,,,,,,,,,,,
Par,Bochum Volkspark Langendreer ,NORMAL,2020-11-02 14:55,32,,3,4,3,3,3,4,3,3,3,3,,,,,,,,,,,,,,,,,
Julian,Bochum Volkspark Langendreer ,NORMAL,2020-11-02 14:55,41,9,3,5,3,5,5,6,3,4,4,3,,,,,,,,,,,,,,,,,
Par,Bochum Volkspark Langendreer ,NORMAL,2020-11-02 15:47,32,,3,4,3,3,3,4,3,3,3,3,,,,,,,,,,,,,,,,,
Julian,Bochum Volkspark Langendreer ,NORMAL,2020-11-02 15:47,38,6,4,4,4,2,5,5,3,4,3,4,,,,,,,,,,,,,,,,,
Par,Bochum Volkspark Langendreer ,NORMAL,2020-11-03 15:57,32,,3,4,3,3,3,4,3,3,3,3,,,,,,,,,,,,,,,,,
Julian,Bochum Volkspark Langendreer ,NORMAL,2020-11-03 15:57,38,6,3,4,3,3,3,7,3,4,4,4,,,,,,,,,,,,,,,,,
Par,Bochum Volkspark Langendreer ,NORMAL,2020-11-06 13:12,32,,3,4,3,3,3,4,3,3,3,3,,,,,,,,,,,,,,,,,
Julian,Bochum Volkspark Langendreer ,NORMAL,2020-11-06 13:12,36,4,3,4,3,4,4,4,2,4,4,4,,,,,,,,,,,,,,,,,
Maren,Bochum Volkspark Langendreer ,NORMAL,2020-11-06 13:12,55,23,4,9,6,5,7,7,4,6,3,4,,,,,,,,,,,,,,,,,
Par,Bochum Volkspark Langendreer ,NORMAL,2020-11-07 12:26,32,,3,4,3,3,3,4,3,3,3,3,,,,,,,,,,,,,,,,,
Julian,Bochum Volkspark Langendreer ,NORMAL,2020-11-07 12:26,34,2,3,5,4,4,3,3,3,4,3,2,,,,,,,,,,,,,,,,,
Rocker Jens,Bochum Volkspark Langendreer ,NORMAL,2020-11-07 12:26,37,5,4,4,4,3,4,4,3,5,3,3,,,,,,,,,,,,,,,,,
Micha Bochum,Bochum Volkspark Langendreer ,NORMAL,2020-11-07 12:26,35,3,3,5,4,3,3,4,3,4,3,3,,,,,,,,,,,,,,,,,
Stefan Hobbit,Bochum Volkspark Langendreer ,NORMAL,2020-11-07 12:26,40,8,4,4,4,3,4,5,3,5,4,4,,,,,,,,,,,,,,,,,
Par,Bochum Volkspark Langendreer ,NORMAL,2020-11-07 13:40,32,,3,4,3,3,3,4,3,3,3,3,,,,,,,,,,,,,,,,,
Julian,Bochum Volkspark Langendreer ,NORMAL,2020-11-07 13:40,38,6,4,5,4,5,3,4,3,4,3,3,,,,,,,,,,,,,,,,,
Rocker Jens,Bochum Volkspark Langendreer ,NORMAL,2020-11-07 13:40,36,4,2,5,3,4,4,5,3,4,3,3,,,,,,,,,,,,,,,,,
Micha Bochum,Bochum Volkspark Langendreer ,NORMAL,2020-11-07 13:40,39,7,3,5,4,4,4,4,3,5,3,4,,,,,,,,,,,,,,,,,
Stefan Hobbit,Bochum Volkspark Langendreer ,NORMAL,2020-11-07 13:40,40,8,4,5,4,4,4,4,4,4,3,4,,,,,,,,,,,,,,,,,
Par,Bochum Volkspark Langendreer ,NORMAL,2020-11-11 15:08,32,,3,4,3,3,3,4,3,3,3,3,,,,,,,,,,,,,,,,,
Julian,Bochum Volkspark Langendreer ,NORMAL,2020-11-11 15:08,39,7,3,6,4,5,4,4,3,4,3,3,,,,,,,,,,,,,,,,,
Par,Bochum Volkspark Langendreer ,NORMAL,2020-11-15 13:23,32,,3,4,3,3,3,4,3,3,3,3,,,,,,,,,,,,,,,,,
Julian,Bochum Volkspark Langendreer ,NORMAL,2020-11-15 13:23,37,5,3,6,3,3,3,5,4,4,3,3,,,,,,,,,,,,,,,,,
Par,Bochum Volkspark Langendreer ,NORMAL,2020-11-18 13:03,32,,3,4,3,3,3,4,3,3,3,3,,,,,,,,,,,,,,,,,
Julian,Bochum Volkspark Langendreer ,NORMAL,2020-11-18 13:03,40,8,4,5,4,3,5,5,5,3,3,3,,,,,,,,,,,,,,,,,
Par,Bochum Volkspark Langendreer ,NORMAL,2020-11-18 13:57,32,,3,4,3,3,3,4,3,3,3,3,,,,,,,,,,,,,,,,,
Julian,Bochum Volkspark Langendreer ,NORMAL,2020-11-18 13:57,42,10,4,4,4,6,3,5,3,4,5,4,,,,,,,,,,,,,,,,,
Par,Bochum Volkspark Langendreer ,NORMAL,2020-11-20 14:07,32,,3,4,3,3,3,4,3,3,3,3,,,,,,,,,,,,,,,,,
Julian,Bochum Volkspark Langendreer ,NORMAL,2020-11-20 14:07,35,3,4,4,3,2,3,4,4,4,4,3,,,,,,,,,,,,,,,,,
Olaf,Bochum Volkspark Langendreer ,NORMAL,2020-11-20 14:07,38,6,3,5,3,4,4,4,3,5,4,3,,,,,,,,,,,,,,,,,
Lennard,Bochum Volkspark Langendreer ,NORMAL,2020-11-20 14:07,40,8,3,5,4,3,3,6,4,5,4,3,,,,,,,,,,,,,,,,,
Par,Bochum Volkspark Langendreer ,NORMAL,2020-11-20 15:03,32,,3,4,3,3,3,4,3,3,3,3,,,,,,,,,,,,,,,,,
Julian,Bochum Volkspark Langendreer ,NORMAL,2020-11-20 15:03,36,4,2,5,3,3,3,5,3,5,4,3,,,,,,,,,,,,,,,,,
Olaf,Bochum Volkspark Langendreer ,NORMAL,2020-11-20 15:03,37,5,3,5,3,4,3,5,3,4,3,4,,,,,,,,,,,,,,,,,
Lennard,Bochum Volkspark Langendreer ,NORMAL,2020-11-20 15:03,37,5,2,4,3,3,3,6,5,4,3,4,,,,,,,,,,,,,,,,,
Par,Bochum Volkspark Langendreer ,NORMAL,2020-11-24 14:06,32,,3,4,3,3,3,4,3,3,3,3,,,,,,,,,,,,,,,,,
Julian,Bochum Volkspark Langendreer ,NORMAL,2020-11-24 14:06,37,5,5,4,3,4,3,4,5,4,3,2,,,,,,,,,,,,,,,,,
Olaf,Bochum Volkspark Langendreer ,NORMAL,2020-11-24 14:06,38,6,3,4,4,4,4,4,4,5,3,3,,,,,,,,,,,,,,,,,
Par,Bochum Volkspark Langendreer ,NORMAL,2020-11-24 15:04,32,,3,4,3,3,3,4,3,3,3,3,,,,,,,,,,,,,,,,,
Julian,Bochum Volkspark Langendreer ,NORMAL,2020-11-24 15:04,38,6,3,5,3,4,4,6,4,4,2,3,,,,,,,,,,,,,,,,,
Olaf,Bochum Volkspark Langendreer ,NORMAL,2020-11-24 15:04,36,4,3,4,3,3,4,5,3,5,3,3,,,,,,,,,,,,,,,,,
Par,Bochum Volkspark Langendreer ,NORMAL,2020-11-25 13:59,32,,3,4,3,3,3,4,3,3,3,3,,,,,,,,,,,,,,,,,
Julian,Bochum Volkspark Langendreer ,NORMAL,2020-11-25 13:59,34,2,3,4,3,3,4,5,3,4,2,3,,,,,,,,,,,,,,,,,
Lennard,Bochum Volkspark Langendreer ,NORMAL,2020-11-25 13:59,35,3,3,5,4,3,3,5,2,4,3,3,,,,,,,,,,,,,,,,,
Par,Bochum Volkspark Langendreer ,NORMAL,2020-11-25 15:00,32,,3,4,3,3,3,4,3,3,3,3,,,,,,,,,,,,,,,,,
Julian,Bochum Volkspark Langendreer ,NORMAL,2020-11-25 15:00,38,6,3,4,5,4,4,4,4,4,3,3,,,,,,,,,,,,,,,,,
Lennard,Bochum Volkspark Langendreer ,NORMAL,2020-11-25 15:00,36,4,3,4,3,3,3,4,4,4,5,3,,,,,,,,,,,,,,,,,
Par,Bochum Volkspark Langendreer ,NORMAL,2020-11-26 13:04,32,,3,4,3,3,3,4,3,3,3,3,,,,,,,,,,,,,,,,,
Julian,Bochum Volkspark Langendreer ,NORMAL,2020-11-26 13:04,37,5,2,6,6,3,3,4,3,4,3,3,,,,,,,,,,,,,,,,,
Olaf,Bochum Volkspark Langendreer ,NORMAL,2020-11-26 13:04,40,8,3,6,3,3,4,5,4,4,3,5,,,,,,,,,,,,,,,,,
Par,Bochum Volkspark Langendreer ,NORMAL,2020-11-27 13:39,32,,3,4,3,3,3,4,3,3,3,3,,,,,,,,,,,,,,,,,
Julian,Bochum Volkspark Langendreer ,NORMAL,2020-11-27 13:39,37,5,3,4,4,2,5,4,3,4,5,3,,,,,,,,,,,,,,,,,
Olaf,Bochum Volkspark Langendreer ,NORMAL,2020-11-27 13:39,42,10,4,6,2,4,5,5,3,6,3,4,,,,,,,,,,,,,,,,,
Par,Bochum Volkspark Langendreer ,NORMAL,2020-11-27 14:33,32,,3,4,3,3,3,4,3,3,3,3,,,,,,,,,,,,,,,,,
Julian,Bochum Volkspark Langendreer ,NORMAL,2020-11-27 14:33,36,4,3,4,4,4,4,4,3,4,2,4,,,,,,,,,,,,,,,,,
Olaf,Bochum Volkspark Langendreer ,NORMAL,2020-11-27 14:33,39,7,3,4,4,3,6,4,3,5,4,3,,,,,,,,,,,,,,,,,
Par,Bochum Volkspark Langendreer ,NORMAL,2020-12-02 12:57,32,,3,4,3,3,3,4,3,3,3,3,,,,,,,,,,,,,,,,,
Julian,Bochum Volkspark Langendreer ,NORMAL,2020-12-02 12:57,38,6,4,5,4,3,3,7,2,4,3,3,,,,,,,,,,,,,,,,,
Olaf,Bochum Volkspark Langendreer ,NORMAL,2020-12-02 12:57,39,7,3,5,4,4,3,4,4,5,3,4,,,,,,,,,,,,,,,,,
Par,Bochum Volkspark Langendreer ,NORMAL,2020-12-04 14:45,32,,3,4,3,3,3,4,3,3,3,3,,,,,,,,,,,,,,,,,
Julian,Bochum Volkspark Langendreer ,NORMAL,2020-12-04 14:45,33,1,2,4,3,4,4,4,2,4,3,3,,,,,,,,,,,,,,,,,
Lennard,Bochum Volkspark Langendreer ,NORMAL,2020-12-04 14:45,41,9,4,7,2,3,5,4,4,5,3,4,,,,,,,,,,,,,,,,,
Par,Bochum Volkspark Langendreer ,NORMAL,2020-12-04 15:47,32,,3,4,3,3,3,4,3,3,3,3,,,,,,,,,,,,,,,,,
Julian,Bochum Volkspark Langendreer ,NORMAL,2020-12-04 15:47,34,2,4,4,3,3,3,4,3,4,2,4,,,,,,,,,,,,,,,,,
Lennard,Bochum Volkspark Langendreer ,NORMAL,2020-12-04 15:47,37,5,4,5,2,4,4,4,3,4,4,3,,,,,,,,,,,,,,,,,
Par,Bochum Volkspark Langendreer ,NORMAL,2020-12-06 11:51,32,,3,4,3,3,3,4,3,3,3,3,,,,,,,,,,,,,,,,,
Julian,Bochum Volkspark Langendreer ,NORMAL,2020-12-06 11:51,33,1,4,5,4,3,3,3,2,4,2,3,,,,,,,,,,,,,,,,,
Tigga,Bochum Volkspark Langendreer ,NORMAL,2020-12-06 11:51,34,2,3,5,3,3,3,4,2,4,3,4,,,,,,,,,,,,,,,,,
Natalie Beringer,Bochum Volkspark Langendreer ,NORMAL,2020-12-06 11:51,40,8,3,4,3,4,4,5,3,6,4,4,,,,,,,,,,,,,,,,,
Raphael,Bochum Volkspark Langendreer ,NORMAL,2020-12-06 11:51,40,8,4,5,4,5,3,4,3,4,4,4,,,,,,,,,,,,,,,,,
Par,Bochum Volkspark Langendreer ,NORMAL,2020-12-06 13:47,32,,3,4,3,3,3,4,3,3,3,3,,,,,,,,,,,,,,,,,
Julian + Natalie Beringer,Bochum Volkspark Langendreer ,NORMAL,2020-12-06 13:47,31,-1,3,3,3,3,3,3,4,3,3,3,,,,,,,,,,,,,,,,,
Tigga + Raphael,Bochum Volkspark Langendreer ,NORMAL,2020-12-06 13:47,33,1,3,4,3,3,3,3,3,4,3,4,,,,,,,,,,,,,,,,,
Par,Bochum Volkspark Langendreer ,NORMAL,2020-12-11 13:17,32,,3,4,3,3,3,4,3,3,3,3,,,,,,,,,,,,,,,,,
Julian,Bochum Volkspark Langendreer ,NORMAL,2020-12-11 13:17,34,2,3,6,3,2,3,3,2,5,3,4,,,,,,,,,,,,,,,,,
Lennard,Bochum Volkspark Langendreer ,NORMAL,2020-12-11 13:17,40,8,4,4,4,4,4,5,4,4,4,3,,,,,,,,,,,,,,,,,
Par,Bochum Volkspark Langendreer ,NORMAL,2020-12-11 14:35,32,,3,4,3,3,3,4,3,3,3,3,,,,,,,,,,,,,,,,,
Julian,Bochum Volkspark Langendreer ,NORMAL,2020-12-11 14:35,36,4,3,5,4,4,3,4,3,4,2,4,,,,,,,,,,,,,,,,,
Lennard,Bochum Volkspark Langendreer ,NORMAL,2020-12-11 14:35,35,3,3,7,3,3,3,4,2,4,3,3,,,,,,,,,,,,,,,,,
Par,Bochum Volkspark Langendreer ,NORMAL,2020-12-12 14:06,32,,3,4,3,3,3,4,3,3,3,3,,,,,,,,,,,,,,,,,
Julian,Bochum Volkspark Langendreer ,NORMAL,2020-12-12 14:06,37,5,4,5,4,4,3,5,3,3,3,3,,,,,,,,,,,,,,,,,
Rocker Jens,Bochum Volkspark Langendreer ,NORMAL,2020-12-12 14:06,37,5,3,5,3,3,4,5,3,4,3,4,,,,,,,,,,,,,,,,,
Par,Bochum Volkspark Langendreer ,NORMAL,2020-12-12 15:00,32,,3,4,3,3,3,4,3,3,3,3,,,,,,,,,,,,,,,,,
Julian,Bochum Volkspark Langendreer ,NORMAL,2020-12-12 15:00,33,1,2,4,3,3,3,4,3,3,4,4,,,,,,,,,,,,,,,,,
Rocker Jens,Bochum Volkspark Langendreer ,NORMAL,2020-12-12 15:00,34,2,3,3,3,4,3,5,3,4,3,3,,,,,,,,,,,,,,,,,
Par,Bochum Volkspark Langendreer ,NORMAL,2020-12-13 14:51,32,,3,4,3,3,3,4,3,3,3,3,,,,,,,,,,,,,,,,,
Julian,Bochum Volkspark Langendreer ,NORMAL,2020-12-13 14:51,35,3,3,5,4,4,3,4,3,4,3,2,,,,,,,,,,,,,,,,,
Par,Bochum Volkspark Langendreer ,NORMAL,2020-12-14 15:07,32,,3,4,3,3,3,4,3,3,3,3,,,,,,,,,,,,,,,,,
Julian,Bochum Volkspark Langendreer ,NORMAL,2020-12-14 15:07,37,5,3,7,4,2,3,5,3,4,3,3,,,,,,,,,,,,,,,,,
Par,Bochum Volkspark Langendreer ,NORMAL,2020-12-16 13:09,32,,3,4,3,3,3,4,3,3,3,3,,,,,,,,,,,,,,,,,
Julian,Bochum Volkspark Langendreer ,NORMAL,2020-12-16 13:09,36,4,3,5,3,3,4,5,3,4,3,3,,,,,,,,,,,,,,,,,
Olaf,Bochum Volkspark Langendreer ,NORMAL,2020-12-16 13:09,43,11,3,8,5,5,4,5,3,4,3,3,,,,,,,,,,,,,,,,,
Par,Bochum Volkspark Langendreer ,NORMAL,2020-12-16 13:54,32,,3,4,3,3,3,4,3,3,3,3,,,,,,,,,,,,,,,,,
Julian,Bochum Volkspark Langendreer ,NORMAL,2020-12-16 13:54,43,11,5,6,3,3,3,7,3,5,4,4,,,,,,,,,,,,,,,,,
Olaf,Bochum Volkspark Langendreer ,NORMAL,2020-12-16 13:54,42,10,5,5,4,4,5,4,3,6,3,3,,,,,,,,,,,,,,,,,
Par,Bochum Volkspark Langendreer ,NORMAL,2020-12-17 13:19,32,,3,4,3,3,3,4,3,3,3,3,,,,,,,,,,,,,,,,,
Julian,Bochum Volkspark Langendreer ,NORMAL,2020-12-17 13:19,40,8,3,4,3,3,4,5,5,5,4,4,,,,,,,,,,,,,,,,,
Olaf,Bochum Volkspark Langendreer ,NORMAL,2020-12-17 13:19,43,11,3,5,3,4,4,7,3,6,4,4,,,,,,,,,,,,,,,,,
Lennard,Bochum Volkspark Langendreer ,NORMAL,2020-12-17 13:19,36,4,4,6,2,3,5,3,3,4,3,3,,,,,,,,,,,,,,,,,
Par,Bochum Volkspark Langendreer ,NORMAL,2020-12-19 15:08,32,,3,4,3,3,3,4,3,3,3,3,,,,,,,,,,,,,,,,,
Julian,Bochum Volkspark Langendreer ,NORMAL,2020-12-19 15:08,39,7,3,6,4,2,4,5,3,5,4,3,,,,,,,,,,,,,,,,,
Jens,Bochum Volkspark Langendreer ,NORMAL,2020-12-19 15:08,40,8,4,5,3,4,4,5,4,4,3,4,,,,,,,,,,,,,,,,,
Nina,Bochum Volkspark Langendreer ,NORMAL,2020-12-19 15:08,60,28,7,8,6,6,7,7,5,5,4,5,,,,,,,,,,,,,,,,,
Par,Bochum Volkspark Langendreer ,NORMAL,2020-12-21 14:19,32,,3,4,3,3,3,4,3,3,3,3,,,,,,,,,,,,,,,,,
Julian,Bochum Volkspark Langendreer ,NORMAL,2020-12-21 14:19,38,6,3,5,3,5,4,5,3,3,3,4,,,,,,,,,,,,,,,,,
Rocker Jens,Bochum Volkspark Langendreer ,NORMAL,2020-12-21 14:19,38,6,3,5,3,4,4,5,3,4,4,3,,,,,,,,,,,,,,,,,
Par,Bochum Volkspark Langendreer ,NORMAL,2020-12-21 15:12,32,,3,4,3,3,3,4,3,3,3,3,,,,,,,,,,,,,,,,,
Julian,Bochum Volkspark Langendreer ,NORMAL,2020-12-21 15:12,37,5,4,5,3,4,4,5,3,4,3,2,,,,,,,,,,,,,,,,,
Rocker Jens,Bochum Volkspark Langendreer ,NORMAL,2020-12-21 15:12,40,8,4,6,4,4,4,4,3,5,3,3,,,,,,,,,,,,,,,,,
Par,Bochum Volkspark Langendreer ,NORMAL,2020-12-28 14:34,32,,3,4,3,3,3,4,3,3,3,3,,,,,,,,,,,,,,,,,
Julian,Bochum Volkspark Langendreer ,NORMAL,2020-12-28 14:34,38,6,3,5,4,3,3,5,4,5,4,2,,,,,,,,,,,,,,,,,
Rocker Jens,Bochum Volkspark Langendreer ,NORMAL,2020-12-28 14:34,35,3,3,5,3,3,3,5,3,4,3,3,,,,,,,,,,,,,,,,,
Par,Bochum Volkspark Langendreer ,NORMAL,2020-12-28 15:20,32,,3,4,3,3,3,4,3,3,3,3,,,,,,,,,,,,,,,,,
Julian,Bochum Volkspark Langendreer ,NORMAL,2020-12-28 15:20,33,1,3,5,3,3,3,5,2,4,2,3,,,,,,,,,,,,,,,,,
Par,Bochum Volkspark Langendreer ,NORMAL,2020-12-29 14:48,32,,3,4,3,3,3,4,3,3,3,3,,,,,,,,,,,,,,,,,
Julian,Bochum Volkspark Langendreer ,NORMAL,2020-12-29 14:48,37,5,3,5,3,4,3,6,2,4,3,4,,,,,,,,,,,,,,,,,
Par,Bochum Volkspark Langendreer ,NORMAL,2021-01-06 10:54,32,,3,4,3,3,3,4,3,3,3,3,,,,,,,,,,,,,,,,,
Julian,Bochum Volkspark Langendreer ,NORMAL,2021-01-06 10:54,35,3,3,3,3,4,5,4,3,4,2,4,,,,,,,,,,,,,,,,,
Lennard,Bochum Volkspark Langendreer ,NORMAL,2021-01-06 10:54,35,3,3,5,3,2,4,4,4,4,3,3,,,,,,,,,,,,,,,,,
Trainingsprofil,Bochum Volkspark Langendreer ,NORMAL,2021-01-06 10:54,42,10,4,4,4,4,3,9,3,4,3,4,,,,,,,,,,,,,,,,,
Par,Bochum Volkspark Langendreer ,NORMAL,2021-01-06 12:24,32,,3,4,3,3,3,4,3,3,3,3,,,,,,,,,,,,,,,,,
Julian,Bochum Volkspark Langendreer ,NORMAL,2021-01-06 12:24,39,7,4,5,3,4,4,5,5,3,3,3,,,,,,,,,,,,,,,,,
Lennard,Bochum Volkspark Langendreer ,NORMAL,2021-01-06 12:24,37,5,3,7,3,3,3,4,4,4,3,3,,,,,,,,,,,,,,,,,
Par,Bochum Volkspark Langendreer ,NORMAL,2021-01-09 15:04,32,,3,4,3,3,3,4,3,3,3,3,,,,,,,,,,,,,,,,,
Julian,Bochum Volkspark Langendreer ,NORMAL,2021-01-09 15:04,41,9,4,4,4,5,3,5,2,4,5,5,,,,,,,,,,,,,,,,,
Rocker Jens,Bochum Volkspark Langendreer ,NORMAL,2021-01-09 15:04,37,5,3,6,4,3,3,5,3,4,3,3,,,,,,,,,,,,,,,,,
Par,Bochum Volkspark Langendreer ,NORMAL,2021-01-12 15:07,32,,3,4,3,3,3,4,3,3,3,3,,,,,,,,,,,,,,,,,
Julian,Bochum Volkspark Langendreer ,NORMAL,2021-01-12 15:07,36,4,3,5,3,3,3,5,3,4,3,4,,,,,,,,,,,,,,,,,
Rocker Jens,Bochum Volkspark Langendreer ,NORMAL,2021-01-12 15:07,38,6,4,5,3,3,4,5,3,5,3,3,,,,,,,,,,,,,,,,,
Par,Bochum Volkspark Langendreer ,NORMAL,2021-01-12 16:08,32,,3,4,3,3,3,4,3,3,3,3,,,,,,,,,,,,,,,,,
Julian,Bochum Volkspark Langendreer ,NORMAL,2021-01-12 16:08,38,6,4,5,4,3,3,5,3,5,3,3,,,,,,,,,,,,,,,,,
Rocker Jens,Bochum Volkspark Langendreer ,NORMAL,2021-01-12 16:08,39,7,3,6,3,3,4,5,3,4,4,4,,,,,,,,,,,,,,,,,
Lennard,Bochum Volkspark Langendreer ,NORMAL,2021-01-12 16:08,33,1,2,5,3,3,3,4,3,4,3,3,,,,,,,,,,,,,,,,,
Par,Bochum Volkspark Langendreer ,NORMAL,2021-01-16 14:16,32,,3,4,3,3,3,4,3,3,3,3,,,,,,,,,,,,,,,,,
Julian,Bochum Volkspark Langendreer ,NORMAL,2021-01-16 14:16,35,3,3,4,5,4,3,5,2,4,3,2,,,,,,,,,,,,,,,,,
Lennard,Bochum Volkspark Langendreer ,NORMAL,2021-01-16 14:16,38,6,3,6,3,3,3,5,3,5,4,3,,,,,,,,,,,,,,,,,
Par,Bochum Volkspark Langendreer ,NORMAL,2021-01-16 15:08,32,,3,4,3,3,3,4,3,3,3,3,,,,,,,,,,,,,,,,,
Julian,Bochum Volkspark Langendreer ,NORMAL,2021-01-16 15:08,39,7,3,6,4,3,3,4,4,4,4,4,,,,,,,,,,,,,,,,,
Lennard,Bochum Volkspark Langendreer ,NORMAL,2021-01-16 15:08,35,3,2,6,4,3,3,5,3,3,3,3,,,,,,,,,,,,,,,,,
Par,Bochum Volkspark Langendreer ,NORMAL,2021-01-20 15:05,32,,3,4,3,3,3,4,3,3,3,3,,,,,,,,,,,,,,,,,
Julian,Bochum Volkspark Langendreer ,NORMAL,2021-01-20 15:05,37,5,4,3,5,3,3,4,3,4,5,3,,,,,,,,,,,,,,,,,
Olaf,Bochum Volkspark Langendreer ,NORMAL,2021-01-20 15:05,42,10,4,6,4,3,4,6,4,4,4,3,,,,,,,,,,,,,,,,,
Lennard,Bochum Volkspark Langendreer ,NORMAL,2021-01-20 15:05,38,6,5,6,3,2,4,5,3,4,3,3,,,,,,,,,,,,,,,,,
Par,Bochum Volkspark Langendreer ,NORMAL,2021-01-20 16:05,32,,3,4,3,3,3,4,3,3,3,3,,,,,,,,,,,,,,,,,
Julian,Bochum Volkspark Langendreer ,NORMAL,2021-01-20 16:05,42,10,3,5,5,4,5,4,3,5,5,3,,,,,,,,,,,,,,,,,
Rocker Jens,Bochum Volkspark Langendreer ,NORMAL,2021-01-20 16:05,37,5,3,4,4,3,4,5,3,4,3,4,,,,,,,,,,,,,,,,,
Olaf,Bochum Volkspark Langendreer ,NORMAL,2021-01-20 16:05,42,10,5,5,4,4,4,5,4,5,3,3,,,,,,,,,,,,,,,,,
Par,Bochum Volkspark Langendreer ,NORMAL,2021-01-23 14:47,32,,3,4,3,3,3,4,3,3,3,3,,,,,,,,,,,,,,,,,
Julian,Bochum Volkspark Langendreer ,NORMAL,2021-01-23 14:47,35,3,4,5,2,3,3,3,3,5,3,4,,,,,,,,,,,,,,,,,
Par,Bochum Volkspark Langendreer ,NORMAL,2021-01-25 13:28,32,,3,4,3,3,3,4,3,3,3,3,,,,,,,,,,,,,,,,,
Julian,Bochum Volkspark Langendreer ,NORMAL,2021-01-25 13:28,36,4,4,6,2,3,3,5,3,3,3,4,,,,,,,,,,,,,,,,,
Lennard,Bochum Volkspark Langendreer ,NORMAL,2021-01-25 13:28,32,0,3,3,2,3,4,4,3,4,3,3,,,,,,,,,,,,,,,,,
Par,Bochum Volkspark Langendreer ,NORMAL,2021-01-25 14:13,32,,3,4,3,3,3,4,3,3,3,3,,,,,,,,,,,,,,,,,
Danny + Grauhaar,Bochum Volkspark Langendreer ,NORMAL,2021-01-25 14:13,30,-2,4,4,2,2,3,3,3,4,2,3,,,,,,,,,,,,,,,,,
Lennart + Julian,Bochum Volkspark Langendreer ,NORMAL,2021-01-25 14:13,31,-1,3,4,3,2,2,4,3,4,3,3,,,,,,,,,,,,,,,,,
Par,Bochum Volkspark Langendreer ,NORMAL,2021-01-30 14:39,32,,3,4,3,3,3,4,3,3,3,3,,,,,,,,,,,,,,,,,
Julian,Bochum Volkspark Langendreer ,NORMAL,2021-01-30 14:39,35,3,4,6,3,3,3,3,4,3,3,3,,,,,,,,,,,,,,,,,
Par,Bochum Volkspark Langendreer ,NORMAL,2021-01-31 16:40,32,,3,4,3,3,3,4,3,3,3,3,,,,,,,,,,,,,,,,,
Julian,Bochum Volkspark Langendreer ,NORMAL,2021-01-31 16:40,35,3,2,4,4,3,3,4,5,4,3,3,,,,,,,,,,,,,,,,,
Par,Bochum Volkspark Langendreer ,NORMAL,2021-02-01 11:02,32,,3,4,3,3,3,4,3,3,3,3,,,,,,,,,,,,,,,,,
Julian,Bochum Volkspark Langendreer ,NORMAL,2021-02-01 11:02,34,2,2,5,4,3,3,4,3,4,3,3,,,,,,,,,,,,,,,,,
Par,Bochum Volkspark Langendreer ,NORMAL,2021-02-04 11:20,32,,3,4,3,3,3,4,3,3,3,3,,,,,,,,,,,,,,,,,
Julian,Bochum Volkspark Langendreer ,NORMAL,2021-02-04 11:20,36,4,3,5,5,3,3,3,2,5,4,3,,,,,,,,,,,,,,,,,
Rocker Jens,Bochum Volkspark Langendreer ,NORMAL,2021-02-04 11:20,34,2,4,4,3,3,3,4,3,4,3,3,,,,,,,,,,,,,,,,,
Par,Bochum Volkspark Langendreer ,NORMAL,2021-02-04 12:06,32,,3,4,3,3,3,4,3,3,3,3,,,,,,,,,,,,,,,,,
Julian,Bochum Volkspark Langendreer ,NORMAL,2021-02-04 12:06,34,2,3,4,3,3,4,5,3,4,3,2,,,,,,,,,,,,,,,,,
Rocker Jens,Bochum Volkspark Langendreer ,NORMAL,2021-02-04 12:06,35,3,3,5,3,3,3,5,3,4,3,3,,,,,,,,,,,,,,,,,
Par,Bochum Volkspark Langendreer ,NORMAL,2021-02-05 16:04,32,,3,4,3,3,3,4,3,3,3,3,,,,,,,,,,,,,,,,,
Julian,Bochum Volkspark Langendreer ,NORMAL,2021-02-05 16:04,40,8,3,4,5,7,4,4,3,4,3,3,,,,,,,,,,,,,,,,,
Lennard,Bochum Volkspark Langendreer ,NORMAL,2021-02-05 16:04,35,3,3,5,3,3,3,4,4,3,2,5,,,,,,,,,,,,,,,,,
Par,Bochum Volkspark Langendreer ,NORMAL,2021-02-05 17:04,32,,3,4,3,3,3,4,3,3,3,3,,,,,,,,,,,,,,,,,
Julian,Bochum Volkspark Langendreer ,NORMAL,2021-02-05 17:04,33,1,3,4,3,3,3,4,3,4,3,3,,,,,,,,,,,,,,,,,
Lennard,Bochum Volkspark Langendreer ,NORMAL,2021-02-05 17:04,31,-1,2,5,3,3,3,4,3,3,2,3,,,,,,,,,,,,,,,,,
Par,Bochum Volkspark Langendreer ,NORMAL,2021-02-15 14:40,32,,3,4,3,3,3,4,3,3,3,3,,,,,,,,,,,,,,,,,
Julian,Bochum Volkspark Langendreer ,NORMAL,2021-02-15 14:40,35,3,3,3,4,2,3,4,3,4,4,5,,,,,,,,,,,,,,,,,
Lennard,Bochum Volkspark Langendreer ,NORMAL,2021-02-15 14:40,33,1,3,4,3,3,3,4,3,4,3,3,,,,,,,,,,,,,,,,,
Par,Bochum Volkspark Langendreer ,NORMAL,2021-02-16 14:32,32,,3,4,3,3,3,4,3,3,3,3,,,,,,,,,,,,,,,,,
Julian,Bochum Volkspark Langendreer ,NORMAL,2021-02-16 14:32,32,0,3,3,3,4,4,3,2,4,3,3,,,,,,,,,,,,,,,,,
Olaf,Bochum Volkspark Langendreer ,NORMAL,2021-02-16 14:32,41,9,5,4,4,4,4,5,4,5,3,3,,,,,,,,,,,,,,,,,
Par,Bochum Volkspark Langendreer ,NORMAL,2021-02-18 15:25,32,,3,4,3,3,3,4,3,3,3,3,,,,,,,,,,,,,,,,,
Julian,Bochum Volkspark Langendreer ,NORMAL,2021-02-18 15:25,33,1,3,3,3,3,4,6,2,4,2,3,,,,,,,,,,,,,,,,,
Phillip,Bochum Volkspark Langendreer ,NORMAL,2021-02-18 15:25,45,13,5,5,5,4,5,5,4,4,4,4,,,,,,,,,,,,,,,,,
Par,Bochum Volkspark Langendreer ,NORMAL,2021-02-19 10:31,32,,3,4,3,3,3,4,3,3,3,3,,,,,,,,,,,,,,,,,
Julian,Bochum Volkspark Langendreer ,NORMAL,2021-02-19 10:31,35,3,2,4,3,5,4,5,3,4,2,3,,,,,,,,,,,,,,,,,
Lennard,Bochum Volkspark Langendreer ,NORMAL,2021-02-19 10:31,34,2,3,4,4,3,3,3,3,5,3,3,,,,,,,,,,,,,,,,,
Par,Bochum Volkspark Langendreer ,NORMAL,2021-02-19 11:23,32,,3,4,3,3,3,4,3,3,3,3,,,,,,,,,,,,,,,,,
Julian,Bochum Volkspark Langendreer ,NORMAL,2021-02-19 11:23,36,4,3,5,3,3,2,7,3,4,3,3,,,,,,,,,,,,,,,,,
Lennard,Bochum Volkspark Langendreer ,NORMAL,2021-02-19 11:23,38,6,3,4,4,5,4,4,4,4,3,3,,,,,,,,,,,,,,,,,
Par,Bochum Volkspark Langendreer ,NORMAL,2021-02-20 14:53,32,,3,4,3,3,3,4,3,3,3,3,,,,,,,,,,,,,,,,,
Julian,Bochum Volkspark Langendreer ,NORMAL,2021-02-20 14:53,31,-1,3,3,3,3,3,4,3,4,3,2,,,,,,,,,,,,,,,,,
Par,Bochum Volkspark Langendreer ,NORMAL,2021-02-20 16:31,32,,3,4,3,3,3,4,3,3,3,3,,,,,,,,,,,,,,,,,
Julian,Bochum Volkspark Langendreer ,NORMAL,2021-02-20 16:31,36,4,3,4,3,3,3,5,4,4,4,3,,,,,,,,,,,,,,,,,
Par,Bochum Volkspark Langendreer ,NORMAL,2021-02-22 16:24,32,,3,4,3,3,3,4,3,3,3,3,,,,,,,,,,,,,,,,,
Julian,Bochum Volkspark Langendreer ,NORMAL,2021-02-22 16:24,31,-1,2,4,4,4,3,4,2,3,2,3,,,,,,,,,,,,,,,,,
Par,Bochum Volkspark Langendreer ,NORMAL,2021-02-26 16:12,32,,3,4,3,3,3,4,3,3,3,3,,,,,,,,,,,,,,,,,
Julian,Bochum Volkspark Langendreer ,NORMAL,2021-02-26 16:12,37,5,4,4,3,3,4,5,3,5,3,3,,,,,,,,,,,,,,,,,
Rocker Jens,Bochum Volkspark Langendreer ,NORMAL,2021-02-26 16:12,39,7,3,6,3,4,4,5,4,4,3,3,,,,,,,,,,,,,,,,,
Stefan Hobbit,Bochum Volkspark Langendreer ,NORMAL,2021-02-26 16:12,42,10,3,6,4,4,4,5,3,5,4,4,,,,,,,,,,,,,,,,,
Par,Bochum Volkspark Langendreer ,NORMAL,2021-02-26 17:10,32,,3,4,3,3,3,4,3,3,3,3,,,,,,,,,,,,,,,,,
Julian,Bochum Volkspark Langendreer ,NORMAL,2021-02-26 17:10,42,10,4,7,4,3,4,7,2,4,3,4,,,,,,,,,,,,,,,,,
Rocker Jens,Bochum Volkspark Langendreer ,NORMAL,2021-02-26 17:10,38,6,3,6,3,3,4,5,3,5,3,3,,,,,,,,,,,,,,,,,
Stefan Hobbit,Bochum Volkspark Langendreer ,NORMAL,2021-02-26 17:10,42,10,5,6,3,3,5,5,4,5,3,3,,,,,,,,,,,,,,,,,
Par,Bochum Volkspark Langendreer ,NORMAL,2021-02-28 15:51,32,,3,4,3,3,3,4,3,3,3,3,,,,,,,,,,,,,,,,,
Julian,Bochum Volkspark Langendreer ,NORMAL,2021-02-28 15:51,37,5,3,6,5,2,4,4,3,4,3,3,,,,,,,,,,,,,,,,,
Rocker Jens,Bochum Volkspark Langendreer ,NORMAL,2021-02-28 15:51,40,8,4,5,4,3,4,6,3,4,4,3,,,,,,,,,,,,,,,,,
Par,Bochum Volkspark Langendreer ,NORMAL,2021-02-28 16:35,32,,3,4,3,3,3,4,3,3,3,3,,,,,,,,,,,,,,,,,
Julian,Bochum Volkspark Langendreer ,NORMAL,2021-02-28 16:35,37,5,4,5,3,3,3,7,3,4,3,2,,,,,,,,,,,,,,,,,
Rocker Jens,Bochum Volkspark Langendreer ,NORMAL,2021-02-28 16:35,34,2,3,5,2,4,3,4,3,4,2,4,,,,,,,,,,,,,,,,,
Par,Bochum Volkspark Langendreer ,NORMAL,2021-03-03 12:24,32,,3,4,3,3,3,4,3,3,3,3,,,,,,,,,,,,,,,,,
Julian,Bochum Volkspark Langendreer ,NORMAL,2021-03-03 12:24,41,9,6,4,4,3,3,5,4,4,4,4,,,,,,,,,,,,,,,,,
Rocker Jens,Bochum Volkspark Langendreer ,NORMAL,2021-03-03 12:24,36,4,3,5,3,4,3,5,3,4,3,3,,,,,,,,,,,,,,,,,
Par,Bochum Volkspark Langendreer ,NORMAL,2021-03-03 13:05,32,,3,4,3,3,3,4,3,3,3,3,,,,,,,,,,,,,,,,,
Julian,Bochum Volkspark Langendreer ,NORMAL,2021-03-03 13:05,39,7,5,4,3,4,4,6,3,4,3,3,,,,,,,,,,,,,,,,,
Rocker Jens,Bochum Volkspark Langendreer ,NORMAL,2021-03-03 13:05,36,4,3,6,4,3,3,4,3,4,3,3,,,,,,,,,,,,,,,,,
Par,Bochum Volkspark Langendreer ,NORMAL,2021-03-11 14:59,32,,3,4,3,3,3,4,3,3,3,3,,,,,,,,,,,,,,,,,
Julian,Bochum Volkspark Langendreer ,NORMAL,2021-03-11 14:59,37,5,4,4,3,4,3,6,3,3,3,4,,,,,,,,,,,,,,,,,
Par,Bochum Volkspark Langendreer ,NORMAL,2021-03-12 11:06,32,,3,4,3,3,3,4,3,3,3,3,,,,,,,,,,,,,,,,,
Julian,Bochum Volkspark Langendreer ,NORMAL,2021-03-12 11:06,43,11,4,5,4,3,3,7,4,5,4,4,,,,,,,,,,,,,,,,,
Olaf,Bochum Volkspark Langendreer ,NORMAL,2021-03-12 11:06,42,10,3,6,4,4,4,6,4,5,3,3,,,,,,,,,,,,,,,,,
Par,Bochum Volkspark Langendreer ,NORMAL,2021-03-12 11:53,32,,3,4,3,3,3,4,3,3,3,3,,,,,,,,,,,,,,,,,
Julian,Bochum Volkspark Langendreer ,NORMAL,2021-03-12 11:53,43,11,3,4,3,4,2,7,4,5,7,4,,,,,,,,,,,,,,,,,
Olaf,Bochum Volkspark Langendreer ,NORMAL,2021-03-12 11:53,40,8,3,4,3,4,4,6,3,4,4,5,,,,,,,,,,,,,,,,,
Par,Bochum Volkspark Langendreer ,NORMAL,2021-03-14 15:53,32,,3,4,3,3,3,4,3,3,3,3,,,,,,,,,,,,,,,,,
Julian,Bochum Volkspark Langendreer ,NORMAL,2021-03-14 15:53,36,4,3,4,4,3,3,5,3,4,3,4,,,,,,,,,,,,,,,,,
Rocker Jens,Bochum Volkspark Langendreer ,NORMAL,2021-03-14 15:53,38,6,3,5,4,4,4,4,3,5,3,3,,,,,,,,,,,,,,,,,
Par,Bochum Volkspark Langendreer ,NORMAL,2021-03-14 16:40,32,,3,4,3,3,3,4,3,3,3,3,,,,,,,,,,,,,,,,,
Rocker Jens + Julian,Bochum Volkspark Langendreer ,NORMAL,2021-03-14 16:40,33,1,3,5,3,3,3,4,3,4,3,2,,,,,,,,,,,,,,,,,
Par,Bochum Volkspark Langendreer ,NORMAL,2021-03-15 16:28,32,,3,4,3,3,3,4,3,3,3,3,,,,,,,,,,,,,,,,,
Lennard + Julian,Bochum Volkspark Langendreer ,NORMAL,2021-03-15 16:28,32,0,3,5,3,3,3,3,3,3,3,3,,,,,,,,,,,,,,,,,
Par,Bochum Volkspark Langendreer ,NORMAL,2021-03-15 17:07,32,,3,4,3,3,3,4,3,3,3,3,,,,,,,,,,,,,,,,,
Lennard + Julian,Bochum Volkspark Langendreer ,NORMAL,2021-03-15 17:07,34,2,3,4,3,3,3,4,4,4,3,3,,,,,,,,,,,,,,,,,
Par,Bochum Volkspark Langendreer ,NORMAL,2021-03-16 16:06,32,,3,4,3,3,3,4,3,3,3,3,,,,,,,,,,,,,,,,,
Lennard + Julian,Bochum Volkspark Langendreer ,NORMAL,2021-03-16 16:06,32,0,4,4,3,3,3,4,3,3,2,3,,,,,,,,,,,,,,,,,
Par,Bochum Volkspark Langendreer ,NORMAL,2021-03-16 16:47,32,,3,4,3,3,3,4,3,3,3,3,,,,,,,,,,,,,,,,,
Julian,Bochum Volkspark Langendreer ,NORMAL,2021-03-16 16:47,40,8,3,4,3,3,4,8,4,4,3,4,,,,,,,,,,,,,,,,,
Par,Bochum Volkspark Langendreer ,NORMAL,2021-03-20 15:01,32,,3,4,3,3,3,4,3,3,3,3,,,,,,,,,,,,,,,,,
Julian,Bochum Volkspark Langendreer ,NORMAL,2021-03-20 15:01,38,6,4,5,4,2,4,5,3,4,3,4,,,,,,,,,,,,,,,,,
Rocker Jens,Bochum Volkspark Langendreer ,NORMAL,2021-03-20 15:01,38,6,3,5,3,5,3,6,3,4,3,3,,,,,,,,,,,,,,,,,
Par,Bochum Volkspark Langendreer ,NORMAL,2021-03-20 15:43,32,,3,4,3,3,3,4,3,3,3,3,,,,,,,,,,,,,,,,,
Julian,Bochum Volkspark Langendreer ,NORMAL,2021-03-20 15:43,39,7,3,4,4,6,3,4,3,4,3,5,,,,,,,,,,,,,,,,,
Rocker Jens,Bochum Volkspark Langendreer ,NORMAL,2021-03-20 15:43,35,3,3,5,3,3,3,5,3,4,3,3,,,,,,,,,,,,,,,,,
Par,Bochum Volkspark Langendreer ,NORMAL,2021-03-23 17:17,32,,3,4,3,3,3,4,3,3,3,3,,,,,,,,,,,,,,,,,
Julian,Bochum Volkspark Langendreer ,NORMAL,2021-03-23 17:17,34,2,3,4,3,3,3,5,3,4,3,3,,,,,,,,,,,,,,,,,
Par,Bochum Volkspark Langendreer ,NORMAL,2021-03-24 16:14,32,,3,4,3,3,3,4,3,3,3,3,,,,,,,,,,,,,,,,,
Julian,Bochum Volkspark Langendreer ,NORMAL,2021-03-24 16:14,43,11,4,4,4,3,5,6,4,5,3,5,,,,,,,,,,,,,,,,,
 Dennis B.,Bochum Volkspark Langendreer ,NORMAL,2021-03-24 16:14,28,-4,2,4,3,2,3,3,3,3,2,3,,,,,,,,,,,,,,,,,
Par,Bochum Volkspark Langendreer ,NORMAL,2021-03-26 16:16,32,,3,4,3,3,3,4,3,3,3,3,,,,,,,,,,,,,,,,,
Julian,Bochum Volkspark Langendreer ,NORMAL,2021-03-26 16:16,35,3,3,5,4,5,3,3,2,4,3,3,,,,,,,,,,,,,,,,,
Par,Bochum Volkspark Langendreer ,NORMAL,2021-03-26 17:06,32,,3,4,3,3,3,4,3,3,3,3,,,,,,,,,,,,,,,,,
Julian,Bochum Volkspark Langendreer ,NORMAL,2021-03-26 17:06,35,3,3,5,3,4,3,3,3,3,4,4,,,,,,,,,,,,,,,,,
Rocker Jens,Bochum Volkspark Langendreer ,NORMAL,2021-03-26 17:06,39,7,4,6,3,3,3,6,3,3,4,4,,,,,,,,,,,,,,,,,
Par,Bochum Volkspark Langendreer ,NORMAL,2021-03-27 15:11,32,,3,4,3,3,3,4,3,3,3,3,,,,,,,,,,,,,,,,,
Julian,Bochum Volkspark Langendreer ,NORMAL,2021-03-27 15:11,38,6,3,5,4,5,3,4,3,5,3,3,,,,,,,,,,,,,,,,,
Par,Bochum Volkspark Langendreer ,NORMAL,2021-03-31 17:33,32,,3,4,3,3,3,4,3,3,3,3,,,,,,,,,,,,,,,,,
Tom The Trout + Marius,Bochum Volkspark Langendreer ,NORMAL,2021-03-31 17:33,27,-5,2,5,2,3,2,4,2,3,2,2,,,,,,,,,,,,,,,,,
Lennard + Julian,Bochum Volkspark Langendreer ,NORMAL,2021-03-31 17:33,28,-4,3,4,3,2,2,3,3,3,3,2,,,,,,,,,,,,,,,,,
Par,Bochum Volkspark Langendreer ,NORMAL,2021-04-01 18:25,32,,3,4,3,3,3,4,3,3,3,3,,,,,,,,,,,,,,,,,
Julian,Bochum Volkspark Langendreer ,NORMAL,2021-04-01 18:25,33,1,2,4,3,4,2,3,3,5,3,4,,,,,,,,,,,,,,,,,
Par,Bochum Volkspark Langendreer ,NORMAL,2021-04-02 11:30,32,,3,4,3,3,3,4,3,3,3,3,,,,,,,,,,,,,,,,,
Julian,Bochum Volkspark Langendreer ,NORMAL,2021-04-02 11:30,36,4,3,6,3,3,3,4,5,4,3,2,,,,,,,,,,,,,,,,,
 Dennis B.,Bochum Volkspark Langendreer ,NORMAL,2021-04-02 11:30,30,-2,3,3,3,4,3,3,3,3,3,2,,,,,,,,,,,,,,,,,
Björn_R.,Bochum Volkspark Langendreer ,NORMAL,2021-04-02 11:30,29,-3,2,3,2,3,3,4,3,3,3,3,,,,,,,,,,,,,,,,,
Martin,Bochum Volkspark Langendreer ,NORMAL,2021-04-02 11:30,42,10,4,6,4,4,3,5,4,5,3,4,,,,,,,,,,,,,,,,,
Par,Bochum Volkspark Langendreer ,NORMAL,2021-04-02 12:40,32,,3,4,3,3,3,4,3,3,3,3,,,,,,,,,,,,,,,,,
Julian,Bochum Volkspark Langendreer ,NORMAL,2021-04-02 12:40,35,3,4,5,3,4,3,3,4,3,3,3,,,,,,,,,,,,,,,,,
 Dennis B.,Bochum Volkspark Langendreer ,NORMAL,2021-04-02 12:40,30,-2,3,4,3,3,3,3,2,4,2,3,,,,,,,,,,,,,,,,,
Björn_R.,Bochum Volkspark Langendreer ,NORMAL,2021-04-02 12:40,34,2,3,4,4,4,3,3,3,4,2,4,,,,,,,,,,,,,,,,,
Martin,Bochum Volkspark Langendreer ,NORMAL,2021-04-02 12:40,37,5,3,5,4,3,4,4,4,4,3,3,,,,,,,,,,,,,,,,,
Par,Bochum Volkspark Langendreer ,NORMAL,2021-04-04 10:59,32,,3,4,3,3,3,4,3,3,3,3,,,,,,,,,,,,,,,,,
Julian,Bochum Volkspark Langendreer ,NORMAL,2021-04-04 10:59,40,8,4,6,3,4,4,3,4,5,4,3,,,,,,,,,,,,,,,,,
Jonas BK,Bochum Volkspark Langendreer ,NORMAL,2021-04-04 10:59,28,-4,2,3,3,2,3,3,3,3,4,2,,,,,,,,,,,,,,,,,
 Dennis B.,Bochum Volkspark Langendreer ,NORMAL,2021-04-04 10:59,30,-2,3,4,3,3,3,3,3,3,2,3,,,,,,,,,,,,,,,,,
Par,Bochum Volkspark Langendreer ,NORMAL,2021-04-04 11:58,32,,3,4,3,3,3,4,3,3,3,3,,,,,,,,,,,,,,,,,
Julian,Bochum Volkspark Langendreer ,NORMAL,2021-04-04 11:58,38,6,4,5,3,3,4,4,4,5,3,3,,,,,,,,,,,,,,,,,
 Dennis B.,Bochum Volkspark Langendreer ,NORMAL,2021-04-04 11:58,30,-2,3,4,3,3,3,3,3,3,3,2,,,,,,,,,,,,,,,,,
Jonas BK,Bochum Volkspark Langendreer ,NORMAL,2021-04-04 11:58,31,-1,2,4,3,3,4,5,2,3,3,2,,,,,,,,,,,,,,,,,
Par,Bochum Volkspark Langendreer ,NORMAL,2021-04-12 16:20,32,,3,4,3,3,3,4,3,3,3,3,,,,,,,,,,,,,,,,,
Julian,Bochum Volkspark Langendreer ,NORMAL,2021-04-12 16:20,34,2,4,4,3,3,3,4,3,4,3,3,,,,,,,,,,,,,,,,,
Rocker Jens,Bochum Volkspark Langendreer ,NORMAL,2021-04-12 16:20,36,4,3,4,3,4,3,5,3,5,3,3,,,,,,,,,,,,,,,,,
Par,Bochum Volkspark Langendreer ,NORMAL,2021-04-17 16:04,32,,3,4,3,3,3,4,3,3,3,3,,,,,,,,,,,,,,,,,
Julian,Bochum Volkspark Langendreer ,NORMAL,2021-04-17 16:04,40,8,3,8,3,5,3,5,3,5,3,2,,,,,,,,,,,,,,,,,
Par,Bochum Volkspark Langendreer ,NORMAL,2021-04-18 10:11,32,,3,4,3,3,3,4,3,3,3,3,,,,,,,,,,,,,,,,,
Julian,Bochum Volkspark Langendreer ,NORMAL,2021-04-18 10:11,37,5,3,7,3,3,4,6,3,3,3,2,,,,,,,,,,,,,,,,,
Martin,Bochum Volkspark Langendreer ,NORMAL,2021-04-18 10:11,42,10,3,5,5,4,3,5,3,6,4,4,,,,,,,,,,,,,,,,,
Par,Bochum Volkspark Langendreer ,NORMAL,2021-04-24 12:22,32,,3,4,3,3,3,4,3,3,3,3,,,,,,,,,,,,,,,,,
Julian,Bochum Volkspark Langendreer ,NORMAL,2021-04-24 12:22,33,1,3,3,3,4,4,3,4,3,2,4,,,,,,,,,,,,,,,,,
Par,Bochum Volkspark Langendreer ,NORMAL,2021-04-24 12:57,32,,3,4,3,3,3,4,3,3,3,3,,,,,,,,,,,,,,,,,
Julian,Bochum Volkspark Langendreer ,NORMAL,2021-04-24 12:57,37,5,2,4,4,4,3,5,3,5,3,4,,,,,,,,,,,,,,,,,
Par,Bochum Volkspark Langendreer ,NORMAL,2021-04-24 13:52,32,,3,4,3,3,3,4,3,3,3,3,,,,,,,,,,,,,,,,,
Julian,Bochum Volkspark Langendreer ,NORMAL,2021-04-24 13:52,34,2,3,4,3,2,3,4,4,3,4,4,,,,,,,,,,,,,,,,,
Rocker Jens,Bochum Volkspark Langendreer ,NORMAL,2021-04-24 13:52,35,3,3,5,3,3,3,5,3,4,3,3,,,,,,,,,,,,,,,,,
Martin Martin,Bochum Volkspark Langendreer ,NORMAL,2021-04-24 13:52,33,1,3,4,3,3,3,4,3,4,3,3,,,,,,,,,,,,,,,,,
Par,Bochum Volkspark Langendreer ,NORMAL,2021-04-25 13:03,32,,3,4,3,3,3,4,3,3,3,3,,,,,,,,,,,,,,,,,
Julian,Bochum Volkspark Langendreer ,NORMAL,2021-04-25 13:03,40,8,2,5,3,5,4,5,4,5,4,3,,,,,,,,,,,,,,,,,
Lennard,Bochum Volkspark Langendreer ,NORMAL,2021-04-25 13:03,32,0,2,3,3,3,3,4,3,6,2,3,,,,,,,,,,,,,,,,,
Par,Bochum Volkspark Langendreer ,NORMAL,2021-04-25 14:24,32,,3,4,3,3,3,4,3,3,3,3,,,,,,,,,,,,,,,,,
Julian,Bochum Volkspark Langendreer ,NORMAL,2021-04-25 14:24,39,7,2,5,4,4,3,5,2,5,5,4,,,,,,,,,,,,,,,,,
Lennard,Bochum Volkspark Langendreer ,NORMAL,2021-04-25 14:24,37,5,3,5,3,3,4,4,3,5,3,4,,,,,,,,,,,,,,,,,
Par,Bochum Volkspark Langendreer ,NORMAL,2021-04-27 16:20,32,,3,4,3,3,3,4,3,3,3,3,,,,,,,,,,,,,,,,,
Julian,Bochum Volkspark Langendreer ,NORMAL,2021-04-27 16:20,37,5,3,5,4,3,4,4,4,4,4,2,,,,,,,,,,,,,,,,,
Lennard,Bochum Volkspark Langendreer ,NORMAL,2021-04-27 16:20,33,1,3,5,2,3,3,4,4,4,2,3,,,,,,,,,,,,,,,,,
Sebastian,Bochum Volkspark Langendreer ,NORMAL,2021-04-27 16:20,44,12,4,7,3,3,5,6,4,4,4,4,,,,,,,,,,,,,,,,,
Par,Bochum Volkspark Langendreer ,NORMAL,2021-04-28 18:13,32,,3,4,3,3,3,4,3,3,3,3,,,,,,,,,,,,,,,,,
Julian,Bochum Volkspark Langendreer ,NORMAL,2021-04-28 18:13,34,2,2,5,4,3,3,4,3,4,3,3,,,,,,,,,,,,,,,,,
Par,Bochum Volkspark Langendreer ,NORMAL,2021-04-29 07:31,32,,3,4,3,3,3,4,3,3,3,3,,,,,,,,,,,,,,,,,
Julian,Bochum Volkspark Langendreer ,NORMAL,2021-04-29 07:31,41,9,3,5,3,3,4,7,4,5,3,4,,,,,,,,,,,,,,,,,
Olaf,Bochum Volkspark Langendreer ,NORMAL,2021-04-29 07:31,33,1,3,4,3,3,3,4,3,4,3,3,,,,,,,,,,,,,,,,,
Par,Bochum Volkspark Langendreer ,NORMAL,2021-04-30 07:35,32,,3,4,3,3,3,4,3,3,3,3,,,,,,,,,,,,,,,,,
Julian,Bochum Volkspark Langendreer ,NORMAL,2021-04-30 07:35,37,5,3,5,3,4,3,6,3,4,3,3,,,,,,,,,,,,,,,,,
Olaf,Bochum Volkspark Langendreer ,NORMAL,2021-04-30 07:35,36,4,3,5,4,4,3,4,3,5,3,2,,,,,,,,,,,,,,,,,
Par,Bochum Volkspark Langendreer ,NORMAL,2021-04-30 12:57,32,,3,4,3,3,3,4,3,3,3,3,,,,,,,,,,,,,,,,,
Julian,Bochum Volkspark Langendreer ,NORMAL,2021-04-30 12:57,36,4,3,5,3,4,3,4,4,4,3,3,,,,,,,,,,,,,,,,,
Par,Bochum Volkspark Langendreer ,NORMAL,2021-04-30 17:34,32,,3,4,3,3,3,4,3,3,3,3,,,,,,,,,,,,,,,,,
Julian,Bochum Volkspark Langendreer ,NORMAL,2021-04-30 17:34,38,6,2,5,4,6,4,3,3,4,4,3,,,,,,,,,,,,,,,,,
Par,Bochum Volkspark Langendreer ,NORMAL,2021-05-01 15:09,32,,3,4,3,3,3,4,3,3,3,3,,,,,,,,,,,,,,,,,
Julian,Bochum Volkspark Langendreer ,NORMAL,2021-05-01 15:09,34,2,4,3,3,3,3,4,4,3,4,3,,,,,,,,,,,,,,,,,
Par,Bochum Volkspark Langendreer ,NORMAL,2021-05-03 16:32,32,,3,4,3,3,3,4,3,3,3,3,,,,,,,,,,,,,,,,,
Julian,Bochum Volkspark Langendreer ,NORMAL,2021-05-03 16:32,38,6,4,6,3,3,3,5,3,4,4,3,,,,,,,,,,,,,,,,,
Lennard,Bochum Volkspark Langendreer ,NORMAL,2021-05-03 16:32,33,1,3,4,3,4,3,4,3,4,3,2,,,,,,,,,,,,,,,,,
Par,Bochum Volkspark Langendreer ,NORMAL,2021-05-03 17:12,32,,3,4,3,3,3,4,3,3,3,3,,,,,,,,,,,,,,,,,
Julian,Bochum Volkspark Langendreer ,NORMAL,2021-05-03 17:12,41,9,3,9,3,4,4,4,3,4,4,3,,,,,,,,,,,,,,,,,
Lennard,Bochum Volkspark Langendreer ,NORMAL,2021-05-03 17:12,41,9,4,6,3,4,4,5,3,5,3,4,,,,,,,,,,,,,,,,,
Par,Bochum Volkspark Langendreer ,NORMAL,2021-05-06 16:13,32,,3,4,3,3,3,4,3,3,3,3,,,,,,,,,,,,,,,,,
Julian,Bochum Volkspark Langendreer ,NORMAL,2021-05-06 16:13,37,5,4,4,3,3,3,5,4,5,3,3,,,,,,,,,,,,,,,,,
Lennard,Bochum Volkspark Langendreer ,NORMAL,2021-05-06 16:13,38,6,3,5,3,4,4,5,3,4,4,3,,,,,,,,,,,,,,,,,
Par,Bochum Volkspark Langendreer ,NORMAL,2021-05-07 18:36,32,,3,4,3,3,3,4,3,3,3,3,,,,,,,,,,,,,,,,,
Julian,Bochum Volkspark Langendreer ,NORMAL,2021-05-07 18:36,32,0,3,3,3,3,3,4,3,4,3,3,,,,,,,,,,,,,,,,,
Tigga,Bochum Volkspark Langendreer ,NORMAL,2021-05-07 18:36,29,-3,2,4,2,3,3,3,2,3,4,3,,,,,,,,,,,,,,,,,
Leo,Bochum Volkspark Langendreer ,NORMAL,2021-05-07 18:36,35,3,3,4,5,4,3,2,3,5,3,3,,,,,,,,,,,,,,,,,
Par,Bochum Volkspark Langendreer ,NORMAL,2021-05-07 20:07,32,,3,4,3,3,3,4,3,3,3,3,,,,,,,,,,,,,,,,,
Julian,Bochum Volkspark Langendreer ,NORMAL,2021-05-07 20:07,31,-1,2,5,3,2,3,4,3,3,3,3,,,,,,,,,,,,,,,,,
Tigga,Bochum Volkspark Langendreer ,NORMAL,2021-05-07 20:07,30,-2,3,3,2,3,2,3,3,4,3,4,,,,,,,,,,,,,,,,,
Leo,Bochum Volkspark Langendreer ,NORMAL,2021-05-07 20:07,34,2,3,3,3,3,3,6,3,4,2,4,,,,,,,,,,,,,,,,,
Par,Bochum Volkspark Langendreer ,NORMAL,2021-05-08 10:45,32,,3,4,3,3,3,4,3,3,3,3,,,,,,,,,,,,,,,,,
Julian,Bochum Volkspark Langendreer ,NORMAL,2021-05-08 10:45,36,4,3,4,4,4,4,3,4,4,3,3,,,,,,,,,,,,,,,,,
Lennard,Bochum Volkspark Langendreer ,NORMAL,2021-05-08 10:45,31,-1,3,5,3,2,3,4,3,4,2,2,,,,,,,,,,,,,,,,,
Tigga,Bochum Volkspark Langendreer ,NORMAL,2021-05-08 10:45,32,0,3,4,3,4,3,3,3,3,3,3,,,,,,,,,,,,,,,,,
Natalie Beringer,Bochum Volkspark Langendreer ,NORMAL,2021-05-08 10:45,47,15,7,4,4,6,4,6,4,4,4,4,,,,,,,,,,,,,,,,,
Raphael,Bochum Volkspark Langendreer ,NORMAL,2021-05-08 10:45,38,6,3,5,4,4,5,4,3,4,3,3,,,,,,,,,,,,,,,,,
Jens,Bochum Volkspark Langendreer ,NORMAL,2021-05-08 10:45,43,11,4,6,4,5,3,5,4,5,4,3,,,,,,,,,,,,,,,,,
Leo,Bochum Volkspark Langendreer ,NORMAL,2021-05-08 10:45,39,7,5,5,4,4,4,5,3,4,3,2,,,,,,,,,,,,,,,,,
Par,Bochum Volkspark Langendreer ,NORMAL,2021-05-08 18:38,32,,3,4,3,3,3,4,3,3,3,3,,,,,,,,,,,,,,,,,
Julian,Bochum Volkspark Langendreer ,NORMAL,2021-05-08 18:38,38,6,3,5,5,3,4,5,2,4,4,3,,,,,,,,,,,,,,,,,
Leo,Bochum Volkspark Langendreer ,NORMAL,2021-05-08 18:38,35,3,3,5,3,4,3,5,3,3,3,3,,,,,,,,,,,,,,,,,
Natalie Beringer,Bochum Volkspark Langendreer ,NORMAL,2021-05-08 18:38,44,12,3,7,4,3,6,4,4,5,4,4,,,,,,,,,,,,,,,,,
Raphael,Bochum Volkspark Langendreer ,NORMAL,2021-05-08 18:38,35,3,3,4,3,3,4,4,4,4,3,3,,,,,,,,,,,,,,,,,
Tigga,Bochum Volkspark Langendreer ,NORMAL,2021-05-08 18:38,31,-1,3,6,2,2,3,4,3,3,2,3,,,,,,,,,,,,,,,,,
Jens,Bochum Volkspark Langendreer ,NORMAL,2021-05-08 18:38,38,6,4,6,3,5,4,4,3,3,3,3,,,,,,,,,,,,,,,,,
Lennard,Bochum Volkspark Langendreer ,NORMAL,2021-05-08 18:38,35,3,3,5,3,3,3,4,5,4,3,2,,,,,,,,,,,,,,,,,
Par,D.C.O.Z Mannheim ,Main,2021-01-01 14:05,27,,3,3,3,3,3,3,3,3,3,,,,,,,,,,,,,,,,,,
Julian,D.C.O.Z Mannheim ,Main,2021-01-01 14:05,38,11,3,5,3,8,3,3,4,4,5,,,,,,,,,,,,,,,,,,
Tigga,D.C.O.Z Mannheim ,Main,2021-01-01 14:05,36,9,4,4,4,4,3,5,3,4,5,,,,,,,,,,,,,,,,,,
Natalie Beringer,D.C.O.Z Mannheim ,Main,2021-01-01 14:05,41,14,4,4,4,5,4,6,5,5,4,,,,,,,,,,,,,,,,,,
Raphael,D.C.O.Z Mannheim ,Main,2021-01-01 14:05,38,11,4,5,5,4,3,4,3,5,5,,,,,,,,,,,,,,,,,,
Par,Darmstadt TU-Lichtwiese,18 Bahnen,2020-12-31 12:06,57,,3,3,3,3,3,3,3,4,3,3,4,3,3,4,3,3,3,3,,,,,,,,,
Julian,Darmstadt TU-Lichtwiese,18 Bahnen,2020-12-31 12:06,78,21,4,5,7,5,4,3,4,5,4,3,7,5,4,4,4,3,2,5,,,,,,,,,
Tigga,Darmstadt TU-Lichtwiese,18 Bahnen,2020-12-31 12:06,67,10,3,4,4,3,2,3,3,5,5,4,5,4,3,3,4,3,5,4,,,,,,,,,
Natalie Beringer,Darmstadt TU-Lichtwiese,18 Bahnen,2020-12-31 12:06,81,24,5,4,4,6,4,3,5,6,4,5,7,4,4,5,6,3,2,4,,,,,,,,,
Raphael,Darmstadt TU-Lichtwiese,18 Bahnen,2020-12-31 12:06,78,21,5,4,3,4,3,5,5,6,4,3,6,4,3,6,4,3,5,5,,,,,,,,,
Par,Dietenbach Headsup,18er Layout ,2019-10-25 16:44,57,,3,3,3,3,3,3,3,3,3,3,3,3,3,4,3,4,3,4,,,,,,,,,
Tigga,Dietenbach Headsup,18er Layout ,2019-10-25 16:44,43,16,4,5,5,4,4,4,5,6,6,0,0,0,0,0,0,0,0,0,,,,,,,,,
Jens,Dietenbach Headsup,18er Layout ,2019-10-25 16:44,52,25,6,6,5,5,5,7,6,7,5,0,0,0,0,0,0,0,0,0,,,,,,,,,
Julian,Dietenbach Headsup,18er Layout ,2019-10-25 16:44,39,12,3,4,4,4,4,4,6,5,5,0,0,0,0,0,0,0,0,0,,,,,,,,,
Par,Dietenbach Headsup,Official,2020-09-05 10:36,27,,3,3,3,3,3,3,3,3,3,,,,,,,,,,,,,,,,,,
Julian,Dietenbach Headsup,Official,2020-09-05 10:36,40,13,6,5,3,3,4,5,5,4,5,,,,,,,,,,,,,,,,,,
Tigga,Dietenbach Headsup,Official,2020-09-05 10:36,38,11,5,4,4,3,5,5,4,3,5,,,,,,,,,,,,,,,,,,
Par,Dietenbach Headsup,Official,2021-04-10 14:16,27,,3,3,3,3,3,3,3,3,3,,,,,,,,,,,,,,,,,,
Tigga,Dietenbach Headsup,Official,2021-04-10 14:16,31,4,4,4,3,3,2,3,3,5,4,,,,,,,,,,,,,,,,,,
Julian,Dietenbach Headsup,Official,2021-04-10 14:16,38,11,4,5,3,3,5,7,4,2,5,,,,,,,,,,,,,,,,,,
Par,Dortmund Revierpark Wischlingen,Old Classic,2020-10-10 11:41,55,,3,4,3,3,3,3,3,3,3,3,3,3,3,3,3,3,3,3,,,,,,,,,
Julian,Dortmund Revierpark Wischlingen,Old Classic,2020-10-10 11:41,77,22,4,6,3,8,3,4,4,4,5,4,4,4,3,4,3,5,6,3,,,,,,,,,
Olaf,Dortmund Revierpark Wischlingen,Old Classic,2020-10-10 11:41,89,34,6,6,4,8,4,5,4,4,4,5,7,4,4,6,4,3,6,5,,,,,,,,,
Par,Dortmund Revierpark Wischlingen,Old Classic,2021-02-23 16:00,55,,3,4,3,3,3,3,3,3,3,3,3,3,3,3,3,3,3,3,,,,,,,,,
Julian,Dortmund Revierpark Wischlingen,Old Classic,2021-02-23 16:00,73,18,5,6,3,5,5,5,3,4,3,4,5,3,3,4,5,4,3,3,,,,,,,,,
Rocker Jens,Dortmund Revierpark Wischlingen,Old Classic,2021-02-23 16:00,67,12,4,5,3,5,3,3,4,3,3,5,4,4,4,3,2,5,4,3,,,,,,,,,
Par,Dortmund Revierpark Wischlingen,Standard,2021-05-20 18:13,71,,3,3,3,3,3,3,3,3,3,3,3,3,3,4,3,3,3,3,3,4,3,3,3,,,,
Julian,Dortmund Revierpark Wischlingen,Standard,2021-05-20 18:13,83,12,4,3,3,4,4,3,4,4,3,3,3,4,3,4,3,4,3,6,3,5,3,4,3,,,,
Olaf,Dortmund Revierpark Wischlingen,Standard,2021-05-20 18:13,92,21,4,3,4,4,4,3,5,4,3,5,4,4,3,5,4,5,4,4,3,5,4,4,4,,,,
Par,Dortmund Revierpark Wischlingen,Standard,2021-06-08 17:14,71,,3,3,3,3,3,3,3,3,3,3,3,4,3,3,3,3,3,3,3,4,3,3,3,,,,
Julian,Dortmund Revierpark Wischlingen,Standard,2021-06-08 17:14,92,21,5,4,3,3,5,3,3,5,3,4,4,3,4,4,4,9,3,3,3,4,2,5,6,,,,
Lennard,Dortmund Revierpark Wischlingen,Standard,2021-06-08 17:14,95,24,6,3,3,3,4,4,3,4,3,5,4,6,3,4,4,7,3,3,4,7,5,3,4,,,,
Leo,Dortmund Revierpark Wischlingen,Standard,2021-06-08 17:14,86,15,5,3,3,5,4,3,4,5,3,4,3,4,3,5,3,4,3,5,3,3,3,4,4,,,,
Par,Dortmund Revierpark Wischlingen,Standard,2021-06-10 19:23,71,,3,3,3,3,3,3,3,3,3,3,3,4,3,3,3,3,3,3,3,4,3,3,3,,,,
Julian,Dortmund Revierpark Wischlingen,Standard,2021-06-10 19:23,85,14,4,3,4,4,5,3,5,3,3,3,4,4,3,2,3,6,4,4,2,6,3,4,3,,,,
Olaf,Dortmund Revierpark Wischlingen,Standard,2021-06-10 19:23,90,19,4,5,3,4,3,3,3,4,3,4,4,4,3,4,5,4,3,4,5,6,4,4,4,,,,
Par,Dortmund Revierpark Wischlingen,Standard,2021-06-27 10:31,71,,3,3,3,3,3,3,3,3,3,3,3,4,3,3,3,3,3,3,3,4,3,3,3,,,,
Julian,Dortmund Revierpark Wischlingen,Standard,2021-06-27 10:31,90,19,5,6,3,4,3,3,5,5,3,4,2,5,3,3,3,3,3,4,2,5,6,4,6,,,,
Björn_R.,Dortmund Revierpark Wischlingen,Standard,2021-06-27 10:31,81,10,3,4,3,3,5,2,3,3,4,3,3,4,2,3,3,7,3,5,4,4,3,2,5,,,,
Par,Dortmund Revierpark Wischlingen,Standard,2021-07-29 16:35,71,,3,3,3,3,3,3,3,3,3,3,3,4,3,3,3,3,3,3,3,4,3,3,3,,,,
Tobias A. Hölken,Dortmund Revierpark Wischlingen,Standard,2021-07-29 16:35,75,4,3,2,3,4,4,2,2,4,3,3,3,6,3,4,4,4,2,3,2,4,3,4,3,,,,
Julian,Dortmund Revierpark Wischlingen,Standard,2021-07-29 16:35,94,23,5,4,2,3,4,4,3,3,3,4,3,4,3,4,4,7,2,5,4,5,8,5,5,,,,
Sina,Dortmund Revierpark Wischlingen,Standard,2021-07-29 16:35,93,22,4,5,3,4,4,3,3,4,4,4,3,5,3,4,4,6,3,4,4,6,5,4,4,,,,
Jörg D. ,Dortmund Revierpark Wischlingen,Standard,2021-07-29 16:35,77,6,3,2,2,3,3,3,3,5,3,3,3,5,3,2,3,5,2,4,2,5,2,4,7,,,,
Par,Dortmund Revierpark Wischlingen,Standard,2021-08-11 16:43,71,,3,3,3,3,3,3,3,3,3,3,3,4,3,3,3,3,3,3,3,4,3,3,3,,,,
Julian,Dortmund Revierpark Wischlingen,Standard,2021-08-11 16:43,83,12,4,4,4,4,3,2,3,6,3,4,3,6,3,4,4,4,3,3,3,4,4,2,3,,,,
Jörg D. ,Dortmund Revierpark Wischlingen,Standard,2021-08-11 16:43,77,6,3,3,3,2,3,2,3,3,4,3,3,4,2,4,4,4,3,3,2,6,7,2,4,,,,
 Dennis B.,Dortmund Revierpark Wischlingen,Standard,2021-08-11 16:43,75,4,5,3,3,2,3,3,2,3,3,3,3,3,3,2,4,4,2,3,5,5,4,4,3,,,,
Par,Dortmund Steinhammer Park,Main,2021-05-29 13:55,18,,3,3,3,3,3,3,,,,,,,,,,,,,,,,,,,,,
Julian,Dortmund Steinhammer Park,Main,2021-05-29 13:55,21,3,4,3,4,3,4,3,,,,,,,,,,,,,,,,,,,,,
Lukas,Dortmund Steinhammer Park,Main,2021-05-29 13:55,23,5,3,4,5,4,4,3,,,,,,,,,,,,,,,,,,,,,
Par,Dortmund Steinhammer Park,Main,2021-06-08 20:28,18,,3,3,3,3,3,3,,,,,,,,,,,,,,,,,,,,,
Julian,Dortmund Steinhammer Park,Main,2021-06-08 20:28,20,2,3,3,6,2,3,3,,,,,,,,,,,,,,,,,,,,,
Leo,Dortmund Steinhammer Park,Main,2021-06-08 20:28,18,0,3,3,3,4,2,3,,,,,,,,,,,,,,,,,,,,,
Par,Dortmund Steinhammer Park,Main,2021-06-24 18:43,18,,3,3,3,3,3,3,,,,,,,,,,,,,,,,,,,,,
Julian,Dortmund Steinhammer Park,Main,2021-06-24 18:43,19,1,3,3,3,3,4,3,,,,,,,,,,,,,,,,,,,,,
Lennard,Dortmund Steinhammer Park,Main,2021-06-24 18:43,20,2,3,3,4,4,3,3,,,,,,,,,,,,,,,,,,,,,
Par,Dortmund Steinhammer Park,Main,2021-06-24 19:12,18,,3,3,3,3,3,3,,,,,,,,,,,,,,,,,,,,,
Julian,Dortmund Steinhammer Park,Main,2021-06-24 19:12,17,-1,2,3,3,3,3,3,,,,,,,,,,,,,,,,,,,,,
Lennard,Dortmund Steinhammer Park,Main,2021-06-24 19:12,19,1,3,3,3,3,3,4,,,,,,,,,,,,,,,,,,,,,
Par,Dortmund Steinhammer Park,Main,2021-06-24 19:53,18,,3,3,3,3,3,3,,,,,,,,,,,,,,,,,,,,,
Julian,Dortmund Steinhammer Park,Main,2021-06-24 19:53,16,-2,3,2,3,3,2,3,,,,,,,,,,,,,,,,,,,,,
Lennard,Dortmund Steinhammer Park,Main,2021-06-24 19:53,22,4,3,3,5,4,3,4,,,,,,,,,,,,,,,,,,,,,
Par,Fröttmaninger Berg,Fröttmanninger Berg 8,2020-09-07 19:08,25,,3,3,3,3,4,3,3,3,,,,,,,,,,,,,,,,,,,
Julian,Fröttmaninger Berg,Fröttmanninger Berg 8,2020-09-07 19:08,31,6,4,5,4,4,3,4,4,3,,,,,,,,,,,,,,,,,,,
Valentin,Fröttmaninger Berg,Fröttmanninger Berg 8,2020-09-07 19:08,32,7,4,4,3,4,4,5,4,4,,,,,,,,,,,,,,,,,,,
Leo,Fröttmaninger Berg,Fröttmanninger Berg 8,2020-09-07 19:08,32,7,5,4,4,4,4,5,3,3,,,,,,,,,,,,,,,,,,,
Lilly,Fröttmaninger Berg,Fröttmanninger Berg 8,2020-09-07 19:08,46,21,7,5,6,6,5,7,5,5,,,,,,,,,,,,,,,,,,,
Par,Gillbach,18 Hole Fast,2021-06-13 10:04,54,,3,3,3,3,3,3,3,3,3,3,3,3,3,3,3,3,3,3,,,,,,,,,
Julian,Gillbach,18 Hole Fast,2021-06-13 10:04,62,8,3,3,3,3,4,3,3,3,6,5,4,2,3,4,3,3,4,3,,,,,,,,,
Adham,Gillbach,18 Hole Fast,2021-06-13 10:04,73,19,4,4,4,4,4,4,4,4,5,5,4,3,4,5,5,3,4,3,,,,,,,,,
Par,Grüttpark Lörrach,Standard Layout (18 Körbe),2021-04-11 11:04,58,,3,3,3,4,3,3,3,3,3,3,3,3,3,3,4,3,4,4,,,,,,,,,
Niko Tank,Grüttpark Lörrach,Standard Layout (18 Körbe),2021-04-11 11:04,65,7,3,3,3,4,3,5,3,3,4,3,3,4,3,3,5,4,4,5,,,,,,,,,
Julian Brink,Grüttpark Lörrach,Standard Layout (18 Körbe),2021-04-11 11:04,75,17,3,2,4,7,5,8,4,3,5,4,4,4,3,3,6,3,4,3,,,,,,,,,
Par,Herne Gysenbergpark,Main,2021-03-02 14:01,27,,3,3,3,3,3,3,3,3,3,,,,,,,,,,,,,,,,,,
Julian,Herne Gysenbergpark,Main,2021-03-02 14:01,30,3,4,5,3,3,2,4,3,3,3,,,,,,,,,,,,,,,,,,
Sebastian,Herne Gysenbergpark,Main,2021-03-02 14:01,47,20,6,5,5,5,5,5,6,6,4,,,,,,,,,,,,,,,,,,
Par,Herne Gysenbergpark,Main,2021-03-02 15:27,27,,3,3,3,3,3,3,3,3,3,,,,,,,,,,,,,,,,,,
Julian,Herne Gysenbergpark,Main,2021-03-02 15:27,29,2,3,3,3,3,3,4,3,4,3,,,,,,,,,,,,,,,,,,
Sebastian,Herne Gysenbergpark,Main,2021-03-02 15:27,38,11,3,5,5,4,4,4,5,4,4,,,,,,,,,,,,,,,,,,
Par,Herne Gysenbergpark,Main,2021-05-18 17:43,27,,3,3,3,3,3,3,3,3,3,,,,,,,,,,,,,,,,,,
Julian,Herne Gysenbergpark,Main,2021-05-18 17:43,34,7,4,4,3,3,4,4,3,4,5,,,,,,,,,,,,,,,,,,
Lennard,Herne Gysenbergpark,Main,2021-05-18 17:43,34,7,3,4,4,3,4,4,4,4,4,,,,,,,,,,,,,,,,,,
Par,Herne Gysenbergpark,Main,2021-05-18 18:32,27,,3,3,3,3,3,3,3,3,3,,,,,,,,,,,,,,,,,,
Julian,Herne Gysenbergpark,Main,2021-05-18 18:32,28,1,4,4,3,3,3,3,3,3,2,,,,,,,,,,,,,,,,,,
Lennard,Herne Gysenbergpark,Main,2021-05-18 18:32,31,4,3,4,3,4,3,4,3,3,4,,,,,,,,,,,,,,,,,,
Par,Kurpark,18,2021-04-10 16:29,60,,3,3,3,3,4,3,3,3,3,4,3,4,4,3,4,3,3,4,,,,,,,,,
Tigga,Kurpark,18,2021-04-10 16:29,67,7,3,4,5,3,5,5,3,3,3,4,4,5,3,3,4,3,3,4,,,,,,,,,
Julian,Kurpark,18,2021-04-10 16:29,74,14,3,3,4,4,6,3,4,5,3,4,5,5,3,3,6,3,5,5,,,,,,,,,
Par,Lünen Alte Ziegelei,Ziegelei neu,2020-12-05 13:56,40,,3,3,4,3,3,3,3,3,3,3,3,3,3,,,,,,,,,,,,,,
Raphael + Julian,Lünen Alte Ziegelei,Ziegelei neu,2020-12-05 13:56,47,7,4,4,5,3,3,4,3,4,3,5,3,3,3,,,,,,,,,,,,,,
Tigga + Natalie Beringer,Lünen Alte Ziegelei,Ziegelei neu,2020-12-05 13:56,50,10,4,4,4,4,3,4,4,5,4,4,3,4,3,,,,,,,,,,,,,,
Par,Lünen Seepark,Main,2020-12-05 10:19,37,,3,4,3,3,3,3,3,3,3,3,3,3,,,,,,,,,,,,,,,
Julian,Lünen Seepark,Main,2020-12-05 10:19,49,12,3,7,4,4,4,5,3,5,3,4,3,4,,,,,,,,,,,,,,,
Tigga,Lünen Seepark,Main,2020-12-05 10:19,48,11,4,6,4,3,5,3,5,5,3,2,4,4,,,,,,,,,,,,,,,
Raphael,Lünen Seepark,Main,2020-12-05 10:19,47,10,4,6,3,4,3,4,5,4,3,3,4,4,,,,,,,,,,,,,,,
Natalie Beringer,Lünen Seepark,Main,2020-12-05 10:19,57,20,5,6,5,5,6,3,4,6,4,4,5,4,,,,,,,,,,,,,,,
Par,Recklinghausen Südpark,Main,2020-10-24 11:58,37,,3,4,3,3,3,3,3,3,3,3,3,3,,,,,,,,,,,,,,,
Olaf,Recklinghausen Südpark,Main,2020-10-24 11:58,50,13,2,5,3,4,6,4,6,4,4,3,4,5,,,,,,,,,,,,,,,
Julian,Recklinghausen Südpark,Main,2020-10-24 11:58,49,12,3,4,5,4,5,4,4,3,4,4,4,5,,,,,,,,,,,,,,,
Par,Recklinghausen Südpark,Main,2021-07-28 17:38,37,,3,4,3,3,3,3,3,3,3,3,3,3,,,,,,,,,,,,,,,
Olaf,Recklinghausen Südpark,Main,2021-07-28 17:38,42,5,3,4,4,3,4,4,3,3,3,4,3,4,,,,,,,,,,,,,,,
Julian,Recklinghausen Südpark,Main,2021-07-28 17:38,40,3,2,7,3,3,3,5,3,3,3,3,2,3,,,,,,,,,,,,,,,
Par,Recklinghausen Südpark,Main,2021-07-28 19:03,37,,3,4,3,3,3,3,3,3,3,3,3,3,,,,,,,,,,,,,,,
Julian,Recklinghausen Südpark,Main,2021-07-28 19:03,45,8,3,4,3,3,5,6,4,4,3,3,4,3,,,,,,,,,,,,,,,
Olaf,Recklinghausen Südpark,Main,2021-07-28 19:03,45,8,3,4,3,4,4,5,3,4,5,3,4,3,,,,,,,,,,,,,,,
Par,Witten Pferdebachtal,Main,2020-11-15 15:17,30,,3,4,4,3,4,3,3,3,3,,,,,,,,,,,,,,,,,,
Julian,Witten Pferdebachtal,Main,2020-11-15 15:17,38,8,4,4,3,3,5,5,5,4,5,,,,,,,,,,,,,,,,,,
Rocker Jens,Witten Pferdebachtal,Main,2020-11-15 15:17,38,8,5,4,4,3,5,5,4,3,5,,,,,,,,,,,,,,,,,,
Par,Witten Pferdebachtal,Main,2021-03-07 14:38,30,,3,4,4,3,4,3,3,3,3,,,,,,,,,,,,,,,,,,
Julian,Witten Pferdebachtal,Main,2021-03-07 14:38,40,10,5,4,4,4,4,4,5,5,5,,,,,,,,,,,,,,,,,,
Lennard,Witten Pferdebachtal,Main,2021-03-07 14:38,41,11,4,5,5,3,5,5,5,4,5,,,,,,,,,,,,,,,,,,
Par,Witten Pferdebachtal,Main,2021-03-07 15:34,30,,3,4,4,3,4,3,3,3,3,,,,,,,,,,,,,,,,,,
Julian,Witten Pferdebachtal,Main,2021-03-07 15:34,35,5,3,4,5,3,4,5,4,3,4,,,,,,,,,,,,,,,,,,
Lennard,Witten Pferdebachtal,Main,2021-03-07 15:34,39,9,4,5,4,3,5,4,5,3,6,,,,,,,,,,,,,,,,,,
Par,Witten Pferdebachtal,Main,2021-05-08 16:11,30,,3,4,4,3,4,3,3,3,3,,,,,,,,,,,,,,,,,,
Jens + Raphael + Julian,Witten Pferdebachtal,Main,2021-05-08 16:11,30,0,3,4,3,3,3,4,4,3,3,,,,,,,,,,,,,,,,,,
Leo + Lennart,Witten Pferdebachtal,Main,2021-05-08 16:11,0,0,0,0,0,0,0,0,0,0,0,,,,,,,,,,,,,,,,,,
Tigga + Natalie Beringer,Witten Pferdebachtal,Main,2021-05-08 16:11,0,0,0,0,0,0,0,0,0,0,0,,,,,,,,,,,,,,,,,,
Par,Witten Pferdebachtal,Main,2021-05-15 14:49,30,,3,4,4,3,4,3,3,3,3,,,,,,,,,,,,,,,,,,
Julian,Witten Pferdebachtal,Main,2021-05-15 14:49,34,4,5,4,3,4,4,3,3,4,4,,,,,,,,,,,,,,,,,,
Björn_R.,Witten Pferdebachtal,Main,2021-05-15 14:49,34,4,4,3,4,3,5,3,5,3,4,,,,,,,,,,,,,,,,,,
Par,Witten Pferdebachtal,Main,2021-06-02 18:29,30,,3,4,4,3,4,3,3,3,3,,,,,,,,,,,,,,,,,,
Julian,Witten Pferdebachtal,Main,2021-06-02 18:29,35,5,4,3,3,5,5,3,4,4,4,,,,,,,,,,,,,,,,,,
Lennard,Witten Pferdebachtal,Main,2021-06-02 18:29,39,9,4,4,4,4,4,4,7,4,4,,,,,,,,,,,,,,,,,,
Par,Witten Pferdebachtal,Main,2021-07-31 17:02,30,,3,4,4,3,4,3,3,3,3,,,,,,,,,,,,,,,,,,
Julian,Witten Pferdebachtal,Main,2021-07-31 17:02,36,6,4,4,5,4,4,3,4,3,5,,,,,,,,,,,,,,,,,,
Maren,Witten Pferdebachtal,Main,2021-07-31 17:02,57,27,7,8,7,5,6,6,8,4,6,,,,,,,,,,,,,,,,,,
Par,Witten Pferdebachtal,Main,2021-08-08 12:52,30,,3,4,4,3,4,3,3,3,3,,,,,,,,,,,,,,,,,,
Julian,Witten Pferdebachtal,Main,2021-08-08 12:52,38,8,3,5,4,4,5,4,6,4,3,,,,,,,,,,,,,,,,,,
Lennard,Witten Pferdebachtal,Main,2021-08-08 12:52,38,8,3,5,4,4,5,4,4,4,5,,,,,,,,,,,,,,,,,,
Par,Witten Pferdebachtal,Main,2021-08-08 14:12,30,,3,4,4,3,4,3,3,3,3,,,,,,,,,,,,,,,,,,
Julian,Witten Pferdebachtal,Main,2021-08-08 14:12,37,7,5,4,3,3,6,5,5,3,3,,,,,,,,,,,,,,,,,,
Lennard,Witten Pferdebachtal,Main,2021-08-08 14:12,35,5,4,4,4,3,5,4,4,3,4,,,,,,,,,,,,,,,,,,
Par,Wormser Stadtpark,Worms 18,2021-01-02 10:59,55,,3,3,3,3,3,3,3,3,3,3,3,3,4,3,3,3,3,3,,,,,,,,,
Tigga,Wormser Stadtpark,Worms 18,2021-01-02 10:59,68,13,2,2,3,5,3,3,3,6,4,4,4,5,6,3,4,4,5,2,,,,,,,,,
Natalie Beringer,Wormser Stadtpark,Worms 18,2021-01-02 10:59,74,19,4,4,4,7,3,3,4,5,4,3,3,5,5,4,4,4,5,3,,,,,,,,,
Raphael,Wormser Stadtpark,Worms 18,2021-01-02 10:59,70,15,3,4,4,4,4,2,5,5,2,2,4,4,5,5,3,4,5,5,,,,,,,,,
Julian,Wormser Stadtpark,Worms 18,2021-01-02 10:59,72,17,3,3,4,6,4,3,4,6,3,3,4,4,5,4,3,4,5,4,,,,,,,,,
Par,Wormser Stadtpark,Worms 18,2021-01-02 13:51,55,,3,3,3,3,3,3,3,3,3,3,3,3,4,3,3,3,3,3,,,,,,,,,
Raphael + Julian,Wormser Stadtpark,Worms 18,2021-01-02 13:51,65,10,2,3,3,4,3,3,4,6,3,3,5,4,5,4,3,3,3,4,,,,,,,,,
Tigga + Natalie Beringer,Wormser Stadtpark,Worms 18,2021-01-02 13:51,65,10,2,3,3,3,3,3,4,5,4,3,3,4,4,3,6,3,5,4,,,,,,,,,
Par,Schweden 1,Custom,2019-09-30 17:58,81,,3,3,3,3,3,3,3,3,3,3,3,3,3,3,3,3,3,3,3,3,3,3,3,3,3,3,3
Julian,Schweden 1,Custom,2019-09-30 17:58,82,52,0,0,0,0,0,0,0,0,0,0,0,0,0,0,0,0,0,39,5,6,4,5,3,5,4,3,8
Niklas,Schweden 1,Custom,2019-09-30 17:58,57,27,0,0,0,0,0,0,0,0,0,0,0,0,0,0,0,0,0,21,4,6,4,5,3,3,4,3,4
Janosch,Schweden 1,Custom,2019-09-30 17:58,59,29,0,0,0,0,0,0,0,0,0,0,0,0,0,0,0,0,0,23,4,4,5,5,2,3,4,3,6
Par,Schweden 2,Custom,2019-10-01 15:10,54,,3,3,3,3,3,3,3,3,3,3,3,3,3,3,3,3,3,3,,,,,,,,,
Julian,Schweden 2,Custom,2019-10-01 15:10,105,51,5,6,5,12,6,4,8,4,7,8,5,4,5,7,4,4,5,6,,,,,,,,,
Janosch,Schweden 2,Custom,2019-10-01 15:10,76,22,3,6,4,4,4,3,6,3,4,5,4,4,3,5,5,4,5,4,,,,,,,,,
Niklas,Schweden 2,Custom,2019-10-01 15:10,78,24,4,3,6,5,5,5,6,4,4,3,3,3,3,5,4,4,6,5,,,,,,,,,
Par,Jenacup2020,Custom,2020-07-18 13:00,38,,3,4,5,3,2,3,3,3,5,3,4,,,,,,,,,,,,,,,,
Daniel + Julian,Jenacup2020,Custom,2020-07-18 13:00,42,4,4,3,5,3,3,3,3,4,5,5,4,,,,,,,,,,,,,,,,
Leo + Annalena,Jenacup2020,Custom,2020-07-18 13:00,47,9,4,5,5,4,3,5,4,4,5,5,3,,,,,,,,,,,,,,,,
Luise + Valentin + Tigga,Jenacup2020,Custom,2020-07-18 13:00,39,1,3,3,3,4,3,3,3,4,5,4,4,,,,,,,,,,,,,,,,
Natalie Beringer + Jens,Jenacup2020,Custom,2020-07-18 13:00,43,5,3,4,4,5,4,4,4,4,4,4,3,,,,,,,,,,,,,,,,
Raphael + Victor,Jenacup2020,Custom,2020-07-18 13:00,41,3,4,4,4,3,3,3,4,4,5,3,4,,,,,,,,,,,,,,,,
